<UI version="1.0">
	<IBGCommonWin name="BackupManageDlg" rect="0,0,552,375" sysBtnConfig="mainPanel_CapButton" selfDrawCaption="true" unvariedSize="true" showCloseButton="true" showMinButton="false" showMaxButton="false" config="mainPanel">
		<Children>
			<IBGRegionPanel name="Main" sizeAsParent="true">
				<Children>
					<IBGRegionPanel size="550,35" margin="0,0,0,0" dock="DOCK_TOP" sizeAsParent="false">
						<Children>
							<IBDGuiCell size="20,20" margin="7,7,0,8" dock="DOCK_LEFT">
								<Properties>
									<bkground>
										<IBGVeins file="Resource:MainFrame\SettingDlg\set_logo.png" transparent="true" colorize="false"/>
									</bkground>
								</Properties>
							</IBDGuiCell>
							<IBGStaticEx name="title_name" textClr="0xffffff" text="$2612" autoCalcHeight="true" autoCalcWidth="true" margin="7, 8, 0, 8" dock="DOCK_LEFT">
								<Properties>
									<textFont>
										<IBGFont height="18"/>
									</textFont>
								</Properties>
							</IBGStaticEx>
						</Children>
					</IBGRegionPanel>
					<IBGRegionPanel size="550,295" margin="0,0,0,0" sizeAsParent="false" dock="DOCK_TOP" config="settingPanel">
						<Children>
							<IBGRegionPanel size="550,35" margin="0,0,1,0" dock="DOCK_TOP" sizeAsParent="false">
								<Properties>
									<bkground>
										<IBGBrush drawStyle="BRUSH_TYPE_SOLID" clrBegin="0xfffbf3"/>
									</bkground>
								</Properties>
								<Children>
									<IBGStaticEx textClr="0x333333" text="$2613" autoCalcHeight="true" autoCalcWidth="true" margin="22, 10, 3, 0" dock="DOCK_LEFT"/>
									<IBGStaticEx textClr="0x333333" name="backup_dirs_count" text="0" autoCalcHeight="true" autoCalcWidth="true" margin="0, 10, 3, 0" dock="DOCK_LEFT"/>
									<IBGStaticEx textClr="0x333333" text=")" autoCalcHeight="true" autoCalcWidth="true" margin="0, 10, 3, 0" dock="DOCK_LEFT"/>
									<IBGStaticEx textClr="0x9c9c9c" text="$2830" autoCalcHeight="true" autoCalcWidth="true" margin="0, 10, 22, 0" dock="DOCK_RIGHT"/>
								</Children>
							</IBGRegionPanel>
							<IBGRegionPanel name="SyncListView" size="506,257" dock="DOCK_TOP" config="BackupListPanel" sizeAsParent="false" margin="22, 0, 22, 0">
								<Children>
									<IBGRegionPanel name="list_pannel" unseen="true" sizeAsParent="true" dock="DOCK_TOP" margin="1,1,1,0">
										<Children>
											<IBGButton name="AddBackupFolderBtn" dock="DOCK_TOP" size="530,24" config="iconButtonAddBackupDir" text="$2619" margin="0, 0, 0, 0"/>
											<IBGScrollBar size="0, 1" name="listctrlex_hscrollbar" dock="DOCK_BOTTOM" config="horizontalScrollBarApp"/>
											<IBGRegionPanel name="ListCtrlExPanel" dock="DOCK_FILL">
												<Children>
													<IBGScrollBar size="12, 0" name="listctrlex_scrollbar" dock="DOCK_RIGHT" config="verticalScrollBarApp" unseen="true"/>
													<IBGRegionPanel size="0, 0" name="listctrlex_panel" dock="DOCK_FILL" unseen="true"/>
												</Children>
											</IBGRegionPanel>
										</Children>
									</IBGRegionPanel>
									<IBGRegionPanel name="empty_pannel" sizeAsParent="true" dock="DOCK_TOP" margin="1,1,1,0">
										<Children>
											<IBGGIFControl name="emptygif" image="Resource:MainFrame\\SettingDlg\\BackupDlg\\emptyview.gif" dock="DOCK_TOP" margin="0,0,0,0" size="502,172"></IBGGIFControl>
											<IBGRegionPanel dock="DOCK_FILL" margin="0,0,0,0">
												<Children>
													<IBGStaticEx textClr="0x333333" text="$2629" autoCalcHeight="true" autoCalcWidth="true" margin="14, 4, 3, 0" dock="DOCK_TOP">
														<Properties>
															<textFont>
																<IBGFont height="20"/>
															</textFont>
														</Properties>
													</IBGStaticEx>
													<IBGStaticEx textClr="0x333333" text="$2630" autoCalcHeight="true" autoCalcWidth="true" margin="14, 7, 3, 0" dock="DOCK_TOP"/>
													<IBGRegionPanel dock="DOCK_TOP" margin="0,0,0,0" size="502,35">
														<Children>
															<IBGStaticEx textClr="0x333333" text="$2631" autoCalcHeight="true" autoCalcWidth="true" margin="14, 7, 3, 0" dock="DOCK_LEFT"/>
															<IBGButton name="startBackupBtn" dock="DOCK_RIGHT" size="120,24" config="iconButtonAddBackupDirInEmpty" text="$2623" margin="0, 9, 14, 12"/>
														</Children>
													</IBGRegionPanel>
												</Children>
											</IBGRegionPanel>
										</Children>
									</IBGRegionPanel>
								</Children>
							</IBGRegionPanel>
						</Children>
					</IBGRegionPanel>
					<IBGRegionPanel name="bottomBtnPanel" size="550,45" margin="0,0,0,0" dock="DOCK_TOP" config="settingPanel">
						<Children>
							<IBGCheckButton name="enableRevisionCheck" dock="DOCK_LEFT" autoCalcWidth="true" size="0,14" check="false" config="checkButton" text="$2625" margin="20, 8, 2, 8"/>
							<IBGStaticEx name="safeboxNotSupportMultiVerTip" textClr="0x0000ff" text="$2633" autoCalcHeight="true" autoCalcWidth="true" margin="0, 15, 3, 1" dock="DOCK_LEFT" unseen="true"/>
							<IBGButton name="AIScanBtn" tabOrder="12" drawFocus="true" dock="DOCK_RIGHT" enableFocus="true" size="80,24" config="button" text="$2614" margin="0, 10, 22, 10"/>
						</Children>
					</IBGRegionPanel>
				</Children>
			</IBGRegionPanel>
		</Children>
	</IBGCommonWin>
	<IBGRegionPanel name="TipPannel" size="90,28" config="BackChangeTipPannel">
		<Children>
			<IBGGIFControl image="Resource:MainFrame\\SettingDlg\\BackupDlg\\tip_succes.png" dock="DOCK_LEFT" margin="6,6,0,6" size="16,16"/>
			<IBGStaticEx textClr="0x333333" text="$2632" autoCalcHeight="true" autoCalcWidth="true" margin="6, 6, 0, 6" dock="DOCK_LEFT"/>
		</Children>
	</IBGRegionPanel>
</UI>
