<UI version="1.0">
	<IBGCommonWin name="btOfflineDownloadTaskDlg" rect="0,0,552,495" sysBtnConfig="mainPanel_CapButton" unvariedSize="true" showMinButton="false" showMaxButton="false" config="btDownloadCommonWin">
		<Children>
			<IBGRegionPanel name="mainContainer" sizeAsParent="true">
				<Children>
					<!-- 标题栏 -->
					<IBGRegionPanel size="526,32" margin="0,0,0,0" dock="DOCK_TOP" sizeAsParent="false">
						<Children>
							<IBDGuiCell size="24,20" margin="7,6,7,6" dock="DOCK_LEFT">
								<Properties>
									<bkground>
										<IBGVeins file="Resource:MainFrame\login_logo.png" transparent="true" colorize="false"/>
									</bkground>
								</Properties>
							</IBDGuiCell>
							<IBGStaticEx textClr="0xFFFFFF" autoCalcHeight="true" autoCalcWidth="true" text="$2889" margin="1, 10, 3, 3" dock="DOCK_LEFT"/>
						</Children>
					</IBGRegionPanel>
					<IBGRegionPanel name="contentContainer" size="552,261" margin="0,2,0,0" dock="DOCK_FILL">
						<Children>
							<!-- 种子整体信息面板 -->
							<IBGRegionPanel dock="DOCK_TOP" size="526,40" margin="0,0,0,0">
								<Children>
									<IBGGIFControl dock="DOCK_LEFT" margin="19,5,5,5" image="Resource:\\MainFrame\\MainPanel\\ListView\\TorrentType.png" size="30, 30"></IBGGIFControl>
									<IBGStaticEx textClr="0x333333" name="seedName" size="335,16" margin="5, 12, 3, 10" endEllipsis="true" dock="DOCK_LEFT"/>
									<IBGStaticEx textClr="0x9c9c9c" name="seedFileTotalSize" autoCalcHeight="true" autoCalcWidth="true" text="$2893" margin="35, 12, 20, 2" dock="DOCK_RIGHT"/>
								</Children>
							</IBGRegionPanel>
							<!-- 开始、取消、扩容操作区域 -->
							<IBGRegionPanel dock="DOCK_BOTTOM" size="526,50" margin="0,0,0,0">
								<Children>
									<IBGStaticEx textClr="0x9c9c9c" autoCalcHeight="true" name="spaceAvailable" autoCalcWidth="true" text="$2879" margin="20, 20, 3, 2" dock="DOCK_LEFT"/>
									<IBGStaticEx name="buySpace" autoCalcHeight="true" autoCalcWidth="true" text="$2880" margin="10, 20, 0, 0" handCursor="true" dock="DOCK_LEFT">
										<Children>
											<IBGLinkItem config="linkItemNoUnderline" positionMode="true" position="0,-1"/>
										</Children>
									</IBGStaticEx>
									<IBGButton name="cancelDownload" text="$2882" size="80,24" margin="0, 16, 20, 10" config="button" dock="DOCK_RIGHT"/>
									<IBGButton name="startDownload" text="$2881" size="100,24" margin="0, 16, 8, 10" config="defaultBtn" dock="DOCK_RIGHT"/>
								</Children>
							</IBGRegionPanel>
							<!-- 种子解析结果区域 -->
							<IBGRegionPanel dock="DOCK_FILL" margin="0,2,0,0">
								<Children>
									<!-- 种子解析成功 -->
									<IBGRegionPanel dock="DOCK_FILL" name="seedAnalysisSucceedPanel" unseen="false" margin="0,0,0,0">
										<Children>
											<IBGRegionPanel dock="DOCK_BOTTOM" name="pathAndDevicePanel" size="486,104" margin="20,10,20,0" config="offlineDownloadPathPanel">
												<Children>
													<!-- 选择推动到的设备 -->
													<IBGRegionPanel name="cloudDevicePanel" dock="DOCK_BOTTOM" size="486,24" margin="0,15,0,15">
														<Children>
															<IBGCheckButton name="downloadToCheckBtn" dock="DOCK_LEFT" autoCalcWidth="true" size="220,16" check="false" config="checkButton" clrText="0x333333" text="$2883" margin="5, 3, 0, 5"/>
															<IBGStatic name="deviceName" autoCalcHeight="true" autoCalcWidth="true" colorHilight="0xe07c09" colorPushed="0xe07c09" color="0xe07c09" endEllipsis="true" unseen="true" margin="0, 3, 0, 3" dock="DOCK_LEFT"/>
															<IBGButton name="selectDeviceBtn" text="$2884" size="80,24" margin="15, 0, 16, 0" enable="false" config="button" dock="DOCK_LEFT"/>
														</Children>
													</IBGRegionPanel>
													<!-- 保存路径选择 -->
													<IBGRegionPanel dock="DOCK_BOTTOM" size="486,24" margin="0,0,0,0">
														<Children>
															<IBGStaticEx textClr="0x333333" name="saveTo" autoCalcHeight="true" autoCalcWidth="true" text="$2877" margin="8, 3, 3, 1" dock="DOCK_LEFT"/>
															<IBGStatic name="downloadDir" autoCalcHeight="true" autoCalcWidth="true" colorHilight="0x333333" colorPushed="0x333333" color="0x333333" text="$2875" endEllipsis="true" margin="0,3,0,1" dock="DOCK_LEFT"/>
															<IBGButton name="changeDir" text="$2878" size="80,24" margin="15, 0, 16, 0" config="button" dock="DOCK_LEFT"/>
														</Children>
													</IBGRegionPanel>
													<!-- 添加任务提示信息 -->
													<IBGRegionPanel dock="DOCK_BOTTOM" size="480,18" margin="0,3,6,2">
														<Children>
															<IBGStaticEx name="createTaskInfo" textClr="0x9c9c9c" autoCalcHeight="true" autoCalcWidth="true" unseen="true" text="$2895" margin="8, 0, 0, 0" dock="DOCK_RIGHT"/>
															<IBGGIFControl name="createTaskGif" margin="8,0,0,0" image="Resource:\\MainFrame\\FileVersionDlg\\loading.gif" unseen="true" size="18, 18" dock="DOCK_RIGHT"></IBGGIFControl>
														</Children>
													</IBGRegionPanel>
												</Children>
											</IBGRegionPanel>
											<!-- 文件列表 -->
											<IBGRegionPanel name="seedFileListView" dock="DOCK_FILL" margin="20, 0, 20, 0" config="offlineDownloadBkgPanel">
												<Children>
													<IBGRegionPanel name="list_pannel" unseen="false" sizeAsParent="true" dock="DOCK_FILL" margin="1,1,1,1">
														<Children>
															<!-- 选中信息 -->
															<IBGRegionPanel size="0,27" name="CheckInfoBar" margin="0,0,0,0" dock="DOCK_TOP" unseen="true" sizeAsParent="false" ncHitTest="1" config="CheckInfoPanel">
																<Children>
																	<IBGCheckButton name="CheckAllButton" size="125,14" margin="3, 1, 0, 1" text="" check="false" dock="DOCK_LEFT" config="checkButton"/>
																</Children>
															</IBGRegionPanel>
															<IBGScrollBar size="0, 18" name="listctrlex_hscrollbar" dock="DOCK_BOTTOM" config="horizontalScrollBarApp" unseen="true"/>
															<IBGRegionPanel name="ListCtrlExPanel" dock="DOCK_FILL">
																<Children>
																	<IBGScrollBar size="18, 0" name="listctrlex_scrollbar" dock="DOCK_RIGHT" config="verticalScrollBarApp" unseen="true"/>
																	<IBGRegionPanel size="0, 0" name="listctrlex_panel" dock="DOCK_FILL" unseen="true"/>
																</Children>
															</IBGRegionPanel>
														</Children>
													</IBGRegionPanel>
												</Children>
											</IBGRegionPanel>
										</Children>
									</IBGRegionPanel>
									<!-- 种子正在解析 -->
									<IBGRegionPanel dock="DOCK_FILL" name="seedAnalysisingPanel" config="offlineDownloadBkgPanel" unseen="true" margin="20,0,20,0">
										<Children>
											<IBGGIFControl name="analysingGif" margin="160,79,10,107" image="Resource:\\MainFrame\\FileVersionDlg\\loading.gif" unseen="false" size="18, 18" dock="DOCK_LEFT"></IBGGIFControl>
											<IBGStaticEx textClr="0x89683c" autoCalcHeight="true" autoCalcWidth="true" text="$2894" margin="5, 104, 3, 0" dock="DOCK_LEFT">
												<Properties>
													<textFont>
														<IBGFont height="20"/>
													</textFont>
												</Properties>
											</IBGStaticEx>
										</Children>
									</IBGRegionPanel>
									<!-- 种子解析失败 -->
									<IBGRegionPanel dock="DOCK_FILL" name="seedAnalysisFailedPanel" config="offlineDownloadBkgPanel" unseen="true" margin="20,0,20,0">
										<Children>
											<IBGStaticEx textClr="0x636363" name="analysisError" autoCalcHeight="true" autoCalcWidth="true" text="$2923" margin="176, 75, 3, 2" dock="DOCK_TOP">
												<Properties>
													<textFont>
														<IBGFont height="20"/>
													</textFont>
												</Properties>
											</IBGStaticEx>
											<IBGButton name="reselectSeed" text="$2898" size="100,24" margin="220, 11, 220, 15" config="defaultBtn" dock="DOCK_TOP"/>
										</Children>
									</IBGRegionPanel>
								</Children>
							</IBGRegionPanel>
						</Children>
					</IBGRegionPanel>
				</Children>
			</IBGRegionPanel>
		</Children>
	</IBGCommonWin>
</UI>
