<UI version="1.0">
	<IBGCommonWin name="deviceCloudFileTransferDialog" rect="0,0,750,554" sysBtnConfig="mainPanel_CapButton" selfDrawCaption="true" unvariedSize="true" showCloseButton="true" showMinButton="false" showMaxButton="false" config="standardWebWin">
		<Children>
			<IBGRegionPanel sizeAsParent="true">
				<Children>
					<!-- 标题栏 -->
					<IBGRegionPanel name="docTitlePanel" margin="1,1,1,0" size="748,33" dock="DOCK_TOP" sizeAsParent="false" config="CommonTitlePanel">
						<Children>
							<IBDGuiCell size="24,20" margin="7,7,0,6" dock="DOCK_LEFT">
								<Properties>
									<bkground>
										<IBGVeins file="Resource:MainFrame\login_logo.png" transparent="true" colorize="false"/>
									</bkground>
								</Properties>
							</IBDGuiCell>
							<IBGStaticEx textClr="0xffffff" text="$2210" autoCalcHeight="true" autoCalcWidth="true" margin="7, 8, 0, 9" dock="DOCK_LEFT">
							</IBGStaticEx>
						</Children>
					</IBGRegionPanel>
					<IBGRegionPanel size="748,521" margin="1,-1,1,1" sizeAsParent="false" dock="DOCK_FILL" config="webframePanel">
						<Children>
							<!-- 云端文件传输页面 -->
							<IBGWebFrame name="webFramePanel" size="740,511" margin="4,4,4,6" dock="DOCK_FILL"/>
							<!-- 网络异常页面 -->
							<IBGRegionPanel name="netErrPanel" size="748,511" margin="0,0,0,0" dock="DOCK_FILL" unseen="true">
								<Children>
									<IBGStaticEx textClr="0x636363" autoCalcHeight="true" autoCalcWidth="true" text="$2211" margin="300,230,300,255" dock="DOCK_TOP"/>
								</Children>
							</IBGRegionPanel>
						</Children>
					</IBGRegionPanel>
				</Children>
			</IBGRegionPanel>
		</Children>
	</IBGCommonWin>
</UI>
