<UI version="1.0">
	<IBGCommonWin name="downloadTaskDlg" rect="0,0,526,210" sysBtnConfig="mainPanel_CapButton" showMinButton="false" showMaxButton="false" config="newDownloadTaskWin">
		<Children>
			<IBGRegionPanel name="mainContainer" sizeAsParent="true">
				<Children>
					<!-- 标题栏 -->
					<IBGRegionPanel size="450,32" margin="0,0,0,0" dock="DOCK_TOP" sizeAsParent="false">
						<Children>
							<IBDGuiCell size="24,20" margin="7,6,7,6" dock="DOCK_LEFT">
								<Properties>
									<bkground>
										<IBGVeins file="Resource:MainFrame\login_logo.png" transparent="true" colorize="false"/>
									</bkground>
								</Properties>
							</IBDGuiCell>
							<IBGStaticEx textClr="0xFFFFFF" autoCalcHeight="true" autoCalcWidth="true" text="$2202" margin="1, 10, 3, 3" dock="DOCK_LEFT"/>
						</Children>
					</IBGRegionPanel>
					<IBGRegionPanel size="450,60" margin="2,12,2,2" dock="DOCK_TOP">
						<Children>
							<IBGRegionPanel dock="DOCK_LEFT" size="42,42" margin="16,9,2,9" config="DownloadFileTypePanel">
								<Children>
									<IBGGIFControl name="fileType" dock="DOCK_LEFT" image="Resource:\MainFrame\MainPanel\ListView\OtherType.png" margin="6,6,6,6" size="30, 30"></IBGGIFControl>
								</Children>
							</IBGRegionPanel>
							<IBGRegionPanel dock="DOCK_FILL" size="280,60" margin="6,9,2,9">
								<Children>
									<IBGStatic endEllipsis="true" color="0x636363" colorPushed="0x636363" colorHilight="0x636363" autoCalcHeight="true" name="FileList" autoCalcWidth="true" text="" margin="0, 3, 3, 2" dock="DOCK_TOP"/>
									<IBGStaticEx textClr="0x636363" autoCalcHeight="true" name="FileSize" autoCalcWidth="true" text="$2205" margin="0, 3, 3, 2" dock="DOCK_TOP"/>
								</Children>
							</IBGRegionPanel>
						</Children>
					</IBGRegionPanel>
					<IBGRegionPanel size="450,29" margin="2,2,2,2" dock="DOCK_TOP">
						<Children>
							<IBGStaticEx textClr="0x636363" autoCalcHeight="true" autoCalcWidth="true" text="$2201" margin="16, 8, 3, 3" dock="DOCK_LEFT"/>
							<IBGButton name="BrowseBtn" text="$2196" size="70,25" margin="4, 2, 16, 2" tabOrder="15" config="button" dock="DOCK_RIGHT"/>
							<IBGEdit size="280, 25" margin="2, 2, 2, 2" name="PathEdit" tabOrder="12" dock="DOCK_FILL" config="edit" readOnly="true"/>
						</Children>
					</IBGRegionPanel>
					<IBGRegionPanel size="450,23" margin="2,2,2,2" dock="DOCK_TOP">
						<Children>
							<IBGStaticEx name="diskFreeSpace" textClr="0x636363" autoCalcHeight="true" autoCalcWidth="true" text="$2203" margin="60, 3, 3, 3" dock="DOCK_LEFT"/>
							<IBGStaticEx name="ErrorTipStatic" textClr="0x0000ff" size="300,15" text="$2599" margin="20, 3, 0, 0" dock="DOCK_LEFT" unseen="true"/>
						</Children>
					</IBGRegionPanel>
					<IBGRegionPanel size="450,31" margin="2,2,2,1" dock="DOCK_BOTTOM">
						<Children>
							<IBGCheckButton name="SetDefaultDownloadDirBtn" size="150,14" margin="16, 0, 3, 11" text="$2208" check="false" dock="DOCK_LEFT" config="checkButton"/>
							<IBGButton name="CancelBtn" text="$2198" size="70,23" margin="4, 1, 16, 7" tabOrder="15" config="button" dock="DOCK_RIGHT"/>
							<IBGButton name="DownloadBtn" text="$2197" size="70,23" margin="4, 1, 4, 7" tabOrder="16" config="button" dock="DOCK_RIGHT"/>
						</Children>
					</IBGRegionPanel>
				</Children>
			</IBGRegionPanel>
		</Children>
	</IBGCommonWin>
</UI>
