<UI version="1.0">
	<IBGCommonWin name="FolderListDlg" rect="0, 0, 552, 350" sysBtnConfig="mainPanel_CapButton" selfDrawCaption="true" unvariedSize="true" showCloseButton="true" showMinButton="false" showMaxButton="false" config="mainPanel">
		<Children>
			<IBGRegionPanel name="Main" sizeAsParent="true">
				<Children>
					<!-- 标题栏 -->
					<IBGRegionPanel size="552,35" margin="0,0,0,0" dock="DOCK_TOP" sizeAsParent="false">
						<Children>
							<IBDGuiCell size="20,20" margin="7,7,0,8" dock="DOCK_LEFT">
								<Properties>
									<bkground>
										<IBGVeins file="Resource:MainFrame\SettingDlg\set_logo.png" transparent="true" colorize="false"/>
									</bkground>
								</Properties>
							</IBDGuiCell>
							<IBGStaticEx name="title_name" textClr="0xffffff" text="$2825" autoCalcHeight="true" autoCalcWidth="true" margin="7, 9, 0, 10" dock="DOCK_LEFT">
							</IBGStaticEx>
						</Children>
					</IBGRegionPanel>
					<!-- 底部按钮栏 -->
					<IBGRegionPanel name="ButtonRegionPanel" size="552,45" dock="DOCK_BOTTOM" margin="0, 0, 0, 0" config="settingPanel">
						<Children>
							<IBGButton name="SelectBtn" drawFocus="true" dock="DOCK_LEFT" enableFocus="true" size="80,24" config="button" text="$2826" margin="22, 11, 0, 10"/>
							<IBGButton name="CloseBtn" drawFocus="true" dock="DOCK_RIGHT" enableFocus="true" size="80,24" config="button" text="$2828" margin="0, 11, 22, 10"/>
							<IBGButton name="BackupBtn" drawFocus="true" dock="DOCK_RIGHT" enableFocus="true" size="80,24" config="button" text="$2827" margin="0, 11, 8, 10"/>
						</Children>
					</IBGRegionPanel>
					<!-- 中间列表栏 -->
					<IBGRegionPanel size="552,295" margin="0,0,0,0" sizeAsParent="false" dock="DOCK_FILL" config="settingPanel">
						<Children>
							<IBGRegionPanel size="552,35" margin="0,0,1,0" dock="DOCK_TOP" sizeAsParent="false">
								<Children>
									<IBGStaticEx name="DirsCountTip" textClr="0x333333" text="$2829" autoCalcHeight="true" autoCalcWidth="true" margin="22, 10, 3, 0" dock="DOCK_LEFT"/>
									<IBGStaticEx textClr="0x9c9c9c" text="$2830" autoCalcHeight="true" autoCalcWidth="true" margin="0, 10, 22, 0" dock="DOCK_RIGHT"/>
								</Children>
							</IBGRegionPanel>
							<IBGRegionPanel name="BackupFolderListView" dock="DOCK_FILL" margin="22, 0, 22, 0" config="BackupListPanel">
								<Children>
									<IBGRegionPanel name="list_pannel" unseen="false" sizeAsParent="true" dock="DOCK_FILL" margin="1,1,1,1">
										<Children>
											<IBGScrollBar size="0, 18" name="listctrlex_hscrollbar" dock="DOCK_BOTTOM" config="horizontalScrollBarApp" unseen="true"/>
											<IBGRegionPanel name="ListCtrlExPanel" dock="DOCK_FILL">
												<Children>
													<IBGScrollBar size="18, 0" name="listctrlex_scrollbar" dock="DOCK_RIGHT" config="verticalScrollBarApp" unseen="true"/>
													<IBGRegionPanel size="0, 0" name="listctrlex_panel" dock="DOCK_FILL" unseen="true"/>
												</Children>
											</IBGRegionPanel>
										</Children>
									</IBGRegionPanel>
								</Children>
							</IBGRegionPanel>
						</Children>
					</IBGRegionPanel>
				</Children>
			</IBGRegionPanel>
		</Children>
	</IBGCommonWin>
</UI>
