<UI version="1.0">
	<IBGCommonWin name="opGuide" enableMsg="true" rect="0,0,900,650" alphaWin="true" config="guideWinFunctionBox">
		<Children>
			<IBGRegionPanel sizeAsParent="true">
				<Children>
					<IBGButton name="closeBtn" size="16,16" margin="735, 100, 149, 0" toolText="$2048" dock="DOCK_TOP" unseen="true">
						<Properties>
							<normalDraw>
								<IBGVeins file="Resource:MainFrame\MainPanel\GuidePanel\closebtn_normal.png" transparent="true" colorize="false"/>
							</normalDraw>
							<onDraw>
								<IBGVeins file="Resource:MainFrame\MainPanel\GuidePanel\closebtn_hover.png" transparent="true" colorize="false"/>
							</onDraw>
							<downDraw>
								<IBGVeins file="Resource:MainFrame\MainPanel\GuidePanel\closebtn_down.png" transparent="true" colorize="false"/>
							</downDraw>
						</Properties>
					</IBGButton>
					<IBGButton name="guideBtn" size="190,35" margin="355, 385, 355, 364" text="$2839" dock="DOCK_TOP" config="startPhoneButton" unseen="true">
					</IBGButton>
				</Children>
			</IBGRegionPanel>
		</Children>
	</IBGCommonWin>
</UI>
