<UI version="1.0">
	<IBGCommonWin name="HotkeyConflictDlg" rect="0,0,380,200" sysBtnConfig="mainPanel_CapButton" selfDrawCaption="true" unvariedSize="true" showCloseButton="true" showMinButton="false" showMaxButton="false" config="standardWin">
		<Children>
			<IBGRegionPanel sizeAsParent="true">
				<Children>
					<!-- 标题栏 -->
					<IBGRegionPanel margin="1,1,1,0" size="818,33" dock="DOCK_TOP" sizeAsParent="false" config="CommonTitlePanel">
						<Children>
							<IBDGuiCell size="24,20" margin="7,7,0,6" dock="DOCK_LEFT">
								<Properties>
									<bkground>
										<IBGVeins file="Resource:MainFrame\login_logo.png" transparent="true" colorize="false"/>
									</bkground>
								</Properties>
							</IBDGuiCell>
							<IBGStaticEx textClr="0xffffff" text="$2963" autoCalcHeight="true" autoCalcWidth="true" margin="7, 9, 0, 5" dock="DOCK_LEFT">
							</IBGStaticEx>
						</Children>
					</IBGRegionPanel>
					<IBGRegionPanel size="818,120" margin="1,-1,1,1" sizeAsParent="false" dock="DOCK_TOP">
						<Children>
							<IBGRegionPanel dock="DOCK_LEFT" size="34,34" margin="16,0,2,29">
								<Children>
									<IBGGIFControl dock="DOCK_LEFT" image="Resource:Texture\MsgBox\ico_warning.png" size="34, 34"></IBGGIFControl>
								</Children>
							</IBGRegionPanel>
							<IBGRegionPanel dock="DOCK_LEFT" size="300,42" margin="0,9,2,9">
								<Children>
									<IBGStaticEx size="40,16" name="conflictTip" textClr="0x666666" text="您的锁定百度云热键被占用。" margin="16,17,0,0" dock="DOCK_TOP"/>
									<IBGRegionPanel size="818,60" margin="1,-1,1,1" sizeAsParent="false" dock="DOCK_TOP">
										<Children>
											<IBGStaticEx size="40,16" textClr="0x666666" text="$2966" autoCalcHeight="true" autoCalcWidth="true" margin="16,3,0,0" dock="DOCK_LEFT"/>
											<IBGStaticEx size="40,16" name="modifyHotkey" textClr="0x666666" text="$2965" autoCalcHeight="true" autoCalcWidth="true" margin="0,3,0,0" dock="DOCK_LEFT">
												<Children>
													<IBGLinkItem config="linkItem" positionMode="true" position="0,-1"/>
												</Children>
											</IBGStaticEx>
										</Children>
									</IBGRegionPanel>
								</Children>
							</IBGRegionPanel>
						</Children>
					</IBGRegionPanel>
					<IBGRegionPanel size="818,26" margin="1,-1,1,1" sizeAsParent="false" dock="DOCK_TOP">
						<Children>
							<IBGButton name="OkBtn" text="$2054" size="70,26" margin="24, 0, 31, 0" config="button" dock="DOCK_RIGHT"/>
							<IBGCheckButton name="DontTipAgain" size="70,14" margin="22, 6, 0, 6" text="$2964" unseen="true" check="false" config="checkButton"/>
						</Children>
					</IBGRegionPanel>
				</Children>
			</IBGRegionPanel>
		</Children>
	</IBGCommonWin>
</UI>
