<UI version="1.0">
	<IBGCommonWin name="ImageViewDlg" rect="0,0,800,600" sysBtnConfig="ImageView_CapButton" alphaWin="false" selfDrawCaption="true" unvariedSize="true" showCloseButton="true" showMinButton="false" showMaxButton="false" config="ImageViewWin">
		<Children>
			<IBGRegionPanel sizeAsParent="true" ncHitTest="1">
				<Children>
					<IBGRegionPanel name="fileInfoPannel" margin="0,0,0,0" size="300,30" dock="DOCK_TOP" sizeAsParent="false">
					</IBGRegionPanel>
					<IBGRegionPanel name="imageViewBottomPannel" margin="0,0,0,0" size="300,84" dock="DOCK_BOTTOM" sizeAsParent="false">
					</IBGRegionPanel>
					<IBGRegionPanel margin="0,0,0,0" size="500,800" dock="DOCK_FILL" sizeAsParent="false">
						<Children>
							<IBGRegionPanel name="ToolPannel" margin="0,0,0,0" size="300,37" dock="DOCK_BOTTOM" sizeAsParent="false" config="ImageViewToolPannel">
								<Children>
									<IBGButton name="BtnLeft" dock="DOCK_LEFT" size="25,25" config="RotageLeftButton" margin="18, 6, 0, 6"/>
									<IBGButton name="BtnRight" dock="DOCK_LEFT" size="25,25" config="RotageRightButton" margin="24, 6, 0, 6"/>
									<IBGButton name="BtnShare" dock="DOCK_LEFT" size="25,25" config="ImageViewShareButton" margin="24, 6, 0, 6"/>
									<IBGButton name="BtnDownload" dock="DOCK_LEFT" size="25,25" config="ThumbDownloadButton" margin="24, 6, 0, 6"/>
									<IBGButton name="BtnDelete" dock="DOCK_LEFT" size="25,25" config="ThumbDeleteButton" margin="24, 6, 0, 6"/>
								</Children>
							</IBGRegionPanel>
							<IBGRegionPanel name="PrePannel" margin="0,0,0,0" size="100,100" dock="DOCK_LEFT" sizeAsParent="false">
								<Children>
									<IBGButton name="Btnpre" dock="DOCK_TOP" enableFocus="true" size="80,24" config="ImageViewPreButton" margin="0, 200, 16, 10"/>
								</Children>
							</IBGRegionPanel>
							<IBGRegionPanel name="NextPannel" margin="0,0,0,0" size="100,100" dock="DOCK_RIGHT" sizeAsParent="false">
								<Children>
									<IBGButton name="Btnnext" dock="DOCK_TOP" enableFocus="true" size="80,24" config="ImageViewNextButton" margin="0, 200, 16, 10"/>
								</Children>
							</IBGRegionPanel>
							<IBGRegionPanel name="mainViewPannel" margin="0,0,0,0" dock="DOCK_FILL" sizeAsParent="false">
							</IBGRegionPanel>
						</Children>
					</IBGRegionPanel>
				</Children>
			</IBGRegionPanel>
		</Children>
	</IBGCommonWin>
</UI>
