<UI version="1.0">
	<IBGCommonWin name="OfflineDownloadActivityDlg" rect="0,0,900,650" selfDrawCaption="true" alphaWin="true" unvariedSize="true" config="offlineDownloadActivityWin">
		<Children>
			<IBGRegionPanel sizeAsParent="true" margin="0,0,0,0">
				<Children>
					<!-- 标题栏 -->
					<IBGRegionPanel size="690,30" margin="105,135,105,0" dock="DOCK_TOP" sizeAsParent="false">
						<Children>
							<IBGButton name="closeBtn" size="13,12" config="OfflineDownloadActivityCloseBtn" text=" " margin="622, 12, 0, 6" dock="DOCK_LEFT"/>
						</Children>
					</IBGRegionPanel>
					<IBGRegionPanel size="690,420" margin="0,0,0,0" dock="DOCK_FILL" sizeAsParent="false" unseen="false">
						<Children>
							<IBGButton name="gotoOfflineDownloadButton" dock="DOCK_TOP" size="215,52" config="OfflineDownloadActivityBtn" text="$2948" margin="345, 280, 344, 0"/>
						</Children>
					</IBGRegionPanel>
				</Children>
			</IBGRegionPanel>
		</Children>
	</IBGCommonWin>
</UI>
