<UI version="1.0">
	<IBGCommonWin name="RegisterDialog" rect="0,0,820,540" sysBtnConfig="mainPanel_CapButton" selfDrawCaption="true" unvariedSize="true" showCloseButton="true" showMinButton="false" showMaxButton="false" config="standardWebWin" toolWin="true">
		<Children>
			<IBGRegionPanel sizeAsParent="true">
				<Children>
					<!-- 标题栏 -->
					<IBGRegionPanel margin="1,1,1,0" size="818,33" dock="DOCK_TOP" sizeAsParent="false" config="CommonTitlePanel">
						<Children>
							<IBDGuiCell size="24,20" margin="7,7,0,6" dock="DOCK_LEFT">
								<Properties>
									<bkground>
										<IBGVeins file="Resource:MainFrame\login_logo.png" transparent="true" colorize="false"/>
									</bkground>
								</Properties>
							</IBDGuiCell>
							<IBGStaticEx textClr="0xffffff" text="$2697" autoCalcHeight="true" autoCalcWidth="true" margin="7, 9, 0, 5" dock="DOCK_LEFT">
							</IBGStaticEx>
						</Children>
					</IBGRegionPanel>
					<IBGRegionPanel size="818,505" margin="1,-1,1,1" sizeAsParent="false" dock="DOCK_FILL" config="webframePanel">
						<Children>
							<!-- 注册页面 -->
							<IBGWebFrame name="regWebFramePanel" size="810,495" margin="4,4,4,6" dock="DOCK_FILL"/>
						</Children>
					</IBGRegionPanel>
				</Children>
			</IBGRegionPanel>
		</Children>
	</IBGCommonWin>
</UI>
