<UI version="1.0">
	<IBGCommonWin name="safeboxPwdDialog" rect="0,0,402,240" sysBtnConfig="mainPanel_CapButton" selfDrawCaption="true" unvariedSize="true" showCloseButton="true" showMinButton="false" showMaxButton="false" config="safeboxPwdWin">
		<Children>
			<IBGRegionPanel sizeAsParent="true">
				<Children>
					<!-- 标题栏 -->
					<IBGRegionPanel name="titlePanel" margin="1,1,1,0" size="400,35" dock="DOCK_TOP" sizeAsParent="false">
						<Children>
							<IBDGuiCell size="24,20" margin="7,7,0,8" dock="DOCK_LEFT">
								<Properties>
									<bkground>
										<IBGVeins file="Resource:MainFrame\login_logo.png" transparent="true" colorize="false"/>
									</bkground>
								</Properties>
							</IBDGuiCell>
							<IBGStaticEx name="title_name" textClr="0xffffff" text="$2988" autoCalcHeight="true" autoCalcWidth="true" margin="7, 9, 0, 10" dock="DOCK_LEFT">
							</IBGStaticEx>
						</Children>
					</IBGRegionPanel>
					<IBGRegionPanel size="400,203" margin="1,0,1,1" sizeAsParent="false" dock="DOCK_FILL">
						<Children>
							<IBGRegionPanel size="400,56" margin="0,10,0,0" dock="DOCK_TOP">
								<Children>
									<IBGStaticEx autoCalcHeight="true" autoCalcWidth="true" textClr="0x666666" text="$2989" margin="45, 9, 0, 3" dock="DOCK_TOP"/>
									<IBGRegionPanel size="400,28" margin="0,0,0,0" dock="DOCK_TOP">
										<Children>
											<IBGStaticEx name="errorTip" autoCalcHeight="true" autoCalcWidth="true" textClr="0x2c6dff" margin="150, 9, 0, 3" dock="DOCK_LEFT" unseen="true"/>
											<IBGStaticEx name="bindLinkTip" autoCalcHeight="true" autoCalcWidth="true" text="$3006" margin="0, 9, 0, 3" handCursor="true" unseen="true" dock="DOCK_LEFT">
												<Children>
													<IBGLinkItem config="linkItem" positionMode="true" position="0,-1"/>
												</Children>
											</IBGStaticEx>
										</Children>
									</IBGRegionPanel>
								</Children>
							</IBGRegionPanel>
							<IBGRegionPanel size="310,25" margin="45,0,45,7" dock="DOCK_TOP">
								<Children>
									<IBGStaticEx size="104,0" autoCalcHeight="true" textClr="0x333333" text="$2990" margin="0, 3, 0, 4" dock="DOCK_LEFT">
										<Properties>
											<textFont>
												<IBGFont height="20"/>
											</textFont>
										</Properties>
									</IBGStaticEx>
									<IPasswordEdit name="passwdEdit1" tabOrder="11" enableFocus="TRUE" size="206,25" dock="DOCK_LEFT" margin="0,0,0,0" config="pwdEdit"/>
								</Children>
							</IBGRegionPanel>
							<IBGRegionPanel size="310,25" margin="45,10,45,7" dock="DOCK_TOP">
								<Children>
									<IBGStaticEx size="104,0" autoCalcHeight="true" textClr="0x333333" text="$2991" margin="0, 3, 0, 4" dock="DOCK_LEFT">
										<Properties>
											<textFont>
												<IBGFont height="20"/>
											</textFont>
										</Properties>
									</IBGStaticEx>
									<IPasswordEdit name="passwdEdit2" tabOrder="12" enableFocus="TRUE" size="206,25" dock="DOCK_LEFT" margin="0,0,0,0" config="pwdEdit"/>
								</Children>
							</IBGRegionPanel>
							<!-- 按钮区域 -->
							<IBGRegionPanel size="400,44" margin="0,5,0,10" sizeAsParent="false" dock="DOCK_BOTTOM">
								<Children>
									<IBGButton name="CancelBtn" tabOrder="14" dock="DOCK_RIGHT" enableFocus="true" size="80,25" config="button" text="$2996" margin="0, 7, 45, 12"/>
									<IBGButton name="FixBtn" tabOrder="13" dock="DOCK_RIGHT" enableFocus="true" size="80,25" config="defaultBtn" text="$2994" margin="0, 7, 16, 12"/>
								</Children>
							</IBGRegionPanel>
						</Children>
					</IBGRegionPanel>
				</Children>
			</IBGRegionPanel>
		</Children>
	</IBGCommonWin>
</UI>
