<UI version="1.0">
	<IBGCommonWin name="shareMgrDialog" rect="0,0,632,380" sysBtnConfig="mainPanel_CapButton" selfDrawCaption="true" unvariedSize="true" showCloseButton="true" toolWin="true" showMinButton="false" showMaxButton="false" config="gradualWin">
		<Children>
			<IBGRegionPanel sizeAsParent="true">
				<Children>
					<!-- 标题栏 -->
					<IBGRegionPanel size="550,35" margin="1,1,1,0" dock="DOCK_TOP" sizeAsParent="false">
						<Children>
							<IBDGuiCell size="24,20" margin="7,7,0,8" dock="DOCK_LEFT">
								<Properties>
									<bkground>
										<IBGVeins file="Resource:MainFrame\login_logo.png" transparent="true" colorize="false"/>
									</bkground>
								</Properties>
							</IBDGuiCell>
							<IBGStatic name="title_name" text="$2247" ncHitTest="0" endEllipsis="true" color="0xffffff" colorHilight="0xffffff" colorPushed="0xffffff" autoCalcHeight="true" autoCalcWidth="true" margin="7, 9, 1, 9" dock="DOCK_LEFT">
							</IBGStatic>
						</Children>
					</IBGRegionPanel>
					<!--- 页面导航-->
					<IBGRegionPanel name="pageNavBarContainer" dock="DOCK_BOTTOM" size="0, 34">
						<Children>
							<IBGGIFControl name="statusImage" dock="DOCK_LEFT" margin="2,9,2,9" unseen="true" image="Resource:MainFrame\MainPanel\PageNavi\status_loading.gif" size="16, 16"></IBGGIFControl>
							<IBGRegionPanel name="PageNavPanel" size="600,34" margin="20,0,0,0" dock="DOCK_BOTTOM" enableFocus="true" ncHitTest="1" unseen="false">
								<Children>
									<IBGButton name="LastPageBtn" dock="DOCK_LEFT" size="16,16" config="iconButtonLastPage" text="" margin="273, 7, 0, 11"/>
									<IBGButton name="NextPageBtn" dock="DOCK_LEFT" size="16,16" config="iconButtonNextPage" text="" margin="169, 7, 0, 11"/>
								</Children>
							</IBGRegionPanel>
						</Children>
					</IBGRegionPanel>
					<!--分享列表面板-->
					<IBGRegionPanel name="sharelist_pannel" unseen="false" sizeAsParent="true" dock="DOCK_FILL" margin="1,0,1,1">
						<Children>
							<!-- 工具栏 -->
							<IBGRegionPanel size="0,36" name="opBar" margin="0,0,0,0" dock="DOCK_TOP" unseen="true" sizeAsParent="false" ncHitTest="1" config="CommonToolbarPanel">
								<Children>
									<IBGCheckButton name="CheckAllButton" size="125,14" margin="12, 1, 0, 1" text="" check="false" dock="DOCK_LEFT" config="checkButton"/>
									<IBGButton name="CancelShareBtn" dock="DOCK_LEFT" size="80,25" config="iconButtonCancelShare" text="$2103" margin="10, 5, 0, 6"/>
								</Children>
							</IBGRegionPanel>
							<IBGRegionPanel name="list_pannel" sizeAsParent="true" dock="DOCK_FILL" margin="0,0,0,0">
								<Children>
									<IBGScrollBar size="0, 18" name="listctrlex_hscrollbar" dock="DOCK_BOTTOM" config="horizontalScrollBarApp" unseen="true"/>
									<IBGRegionPanel name="ListCtrlExPanel" dock="DOCK_FILL">
										<Children>
											<IBGScrollBar size="18, 0" name="listctrlex_scrollbar" dock="DOCK_RIGHT" config="verticalScrollBarApp" unseen="true"/>
											<IBGRegionPanel size="0, 0" name="listctrlex_panel" dock="DOCK_FILL" unseen="true"/>
										</Children>
									</IBGRegionPanel>
								</Children>
							</IBGRegionPanel>
						</Children>
					</IBGRegionPanel>
					<!--正在加载面板-->
					<IBGRegionPanel name="loading_pannel" unseen="true" sizeAsParent="true" dock="DOCK_FILL" margin="1,0,1,1">
						<Children>
							<IBGStatic text="$2262" autoCalcHeight="true" color="0x666666" colorHilight="0x666666" colorPushed="0x666666" margin="260,150,110,100" autoCalcWidth="true" dock="DOCK_LEFT"/>
						</Children>
					</IBGRegionPanel>
					<!--加载错误面板-->
					<IBGRegionPanel name="error_pannel" unseen="true" sizeAsParent="true" dock="DOCK_FILL" margin="1,0,1,1">
						<Children>
							<IBDGuiCell size="108,122" margin="221,75,221,30" dock="DOCK_TOP" autoCalcHeight="true" autoCalcWidth="true">
								<Properties>
									<bkground>
										<IBGVeins file="Resource:MainFrame\ShareMgrDlg\sharemgr_error.png" transparent="true" colorize="false"/>
									</bkground>
								</Properties>
							</IBDGuiCell>
							<IBGStatic text="$2263" autoCalcHeight="true" color="0x0000FF" colorHilight="0x0000FF" colorPushed="0x0000FF" margin="180,0,0,92" autoCalcWidth="true" dock="DOCK_TOP"/>
						</Children>
					</IBGRegionPanel>
					<!--加载成功，但无分享数据面板-->
					<IBGRegionPanel name="empty_pannel" unseen="true" sizeAsParent="true" dock="DOCK_FILL" margin="1,0,1,1">
						<Children>
							<IBDGuiCell size="307,122" margin="121,75,122,30" dock="DOCK_TOP">
								<Properties>
									<bkground>
										<IBGVeins drawStyle="DRAWMODE_NORMAL" file="Resource:MainFrame\ShareMgrDlg\sharemgr_empty.png" transparent="true" colorize="false"/>
									</bkground>
								</Properties>
							</IBDGuiCell>
							<IBGStatic text="$2264" autoCalcHeight="true" color="0x666666" colorHilight="0x666666" colorPushed="0x666666" margin="125,0,0,92" autoCalcWidth="true" dock="DOCK_TOP"/>
						</Children>
					</IBGRegionPanel>
				</Children>
			</IBGRegionPanel>
		</Children>
	</IBGCommonWin>
</UI>
