<UI version="1.0">
	<IBGCommonWin name="shareDialog" rect="0,0,630,499" sysBtnConfig="mainPanel_CapButton" selfDrawCaption="true" unvariedSize="true" showCloseButton="true" showMinButton="false" showMaxButton="false" config="standardWin">
		<Children>
			<IBGRegionPanel sizeAsParent="true">
				<Children>
					<!-- 标题-->
					<IBGRegionPanel size="550,35" margin="1,1,1,0" dock="DOCK_TOP" sizeAsParent="false" config="CommonTitlePanel">
						<Children>
							<IBDGuiCell size="24,20" margin="7,7,0,8" dock="DOCK_LEFT">
								<Properties>
									<bkground>
										<IBGVeins file="Resource:MainFrame\login_logo.png" transparent="true" colorize="false"/>
									</bkground>
								</Properties>
							</IBDGuiCell>
							<IBGStatic name="title_name" size="500,0" endEllipsis="true" ncHitTest="0" color="0xffffff" colorHilight="0xffffff" colorPushed="0xffffff" autoCalcHeight="true" autoCalcWidth="false" margin="7, 9, 1, 10" dock="DOCK_LEFT">
							</IBGStatic>
						</Children>
					</IBGRegionPanel>
					<!-- 顶部按钮区域 -->
					<IBGRegionPanel size="300, 39" margin="1,10,1,0" dock="DOCK_TOP">
						<Properties>
							<bkground>
								<IBGVeins file="Resource:MainFrame\ShareDlg\tab_line.png" transparent="true" colorize="false"/>
							</bkground>
						</Properties>
						<Children>
							<IBGButton name="linkShareBtn" dock="DOCK_LEFT" size="118,39" text="$2310" config="ShareTabButton" margin="20, 0, 3, 0"/>
							<IBGButton name="messageShareBtn" dock="DOCK_LEFT" size="118,39" text="$2311" config="ShareTabButtonUnselect" margin="3, 0, 0, 0"/>
						</Children>
					</IBGRegionPanel>
					<IBGRegionPanel size="590,314" margin="1,0,1,0" sizeAsParent="false" dock="DOCK_FILL">
						<Children>
							<IBGRegionPanel name="linkSharePanel" size="590,314" margin="20,0,20,0" dock="DOCK_FILL">
								<Children>
									<IBGRegionPanel size="590,41" margin="0,0,0,0" dock="DOCK_BOTTOM">
										<Children>
											<IBGButton name="cancelBtn" tabOrder="12" drawFocus="true" dock="DOCK_RIGHT" enableFocus="true" size="80,29" config="button" text="$2048" margin="0, 6, 0, 6"/>
										</Children>
									</IBGRegionPanel>
									<IBGRegionPanel size="590,314" margin="0,12,0,0" dock="DOCK_FILL" config="BackupListPanel">
										<Children>
											<IBGRegionPanel name="preCreatePanel" size="590,300" margin="0,0,0,0" dock="DOCK_TOP">
												<Children>
													<IBGRegionPanel name="shareTypePanel" size="590,74" margin="0,0,0,0" dock="DOCK_TOP">
														<Children>
															<IBGStaticEx size="65,16" textClr="0x333333" text="$2314" margin="18,24,0,0" dock="DOCK_LEFT"/>
															<IBGRegionPanel name="shareTypeSelectPanel" size="300,46" margin="14,24,0,0" dock="DOCK_LEFT">
																<Children>
																	<IBGRadioLogic name="linkShareType"/>
																	<IBGRegionPanel name="privateLinkPanel" size="300,16" margin="0,0,0,0" dock="DOCK_TOP">
																		<Children>
																			<IBGCheckButton name="privateLinkType" size="60,16" clrText="0x333333" text="$2312" config="radioButton" check="true" radio="true" margin="0, 0, 0, 0" dock="DOCK_LEFT"/>
																			<IBGStaticEx size="300,16" textClr="0x666666" text="$2309" margin="10,0,0,0" dock="DOCK_LEFT"/>
																		</Children>
																	</IBGRegionPanel>
																	<IBGRegionPanel name="publicLinkPanel" size="300,16" margin="0,18,0,0" dock="DOCK_TOP">
																		<Children>
																			<IBGCheckButton name="publicLinkType" size="60,16" clrText="0x333333" text="$2313" config="radioButton" radio="true" margin="0, 0, 0, 0" dock="DOCK_LEFT"/>
																			<IBGStaticEx size="300,16" textClr="0x666666" text="$2308" margin="10,0,0,0" dock="DOCK_LEFT"/>
																		</Children>
																	</IBGRegionPanel>
																</Children>
															</IBGRegionPanel>
														</Children>
													</IBGRegionPanel>
													<IBGRegionPanel name="expireTypePanel" size="590,36" margin="0,22,0,0" dock="DOCK_TOP">
														<Children>
															<IBGStaticEx size="65,16" textClr="0x333333" text="$2318" margin="18,10,0,6" dock="DOCK_LEFT"/>
															<IBGComboBox name="expireDaysType" tabOrder="13" enableFocus="true" size="134, 30" config="shareComboBox" defaultText="$2319" style="ComboBoxStyle_DropList" dock="DOCK_LEFT" margin="18,3,0,3"/>
														</Children>
													</IBGRegionPanel>
													<IBGRegionPanel name="createSharePanel" size="590,40" margin="0,24,0,0" dock="DOCK_TOP">
														<Children>
															<IBGButton name="createLinkBtn" enable="true" dock="DOCK_LEFT" enableFocus="false" size="128,36" config="createShareLinkBtn" text="$2306" margin="230, 2, 0, 2"/>
															<IBGGIFControl name="creatingGif" dock="DOCK_LEFT" margin="14,4,0,0" unseen="true" image="Resource:\\MainFrame\\FileVersionDlg\\loading.gif" size="18, 18"></IBGGIFControl>
															<IBGStaticEx size="200,16" textClr="0x0000FF" name="createErrorTip" unseen="true" margin="14,9,0,0" dock="DOCK_LEFT"/>
														</Children>
													</IBGRegionPanel>
												</Children>
											</IBGRegionPanel>
											<IBGRegionPanel name="postCreatePanel" unseen="TRUE" size="590,300" margin="0,0,0,0" dock="DOCK_TOP">
												<Children>
													<IBGRegionPanel name="linkDescPanel" size="590,70" margin="0,0,0,0" dock="DOCK_TOP">
														<Children>
															<IBGGIFControl name="linkTypeImage" dock="DOCK_LEFT" margin="22,32,2,9" size="30, 30"></IBGGIFControl>
															<IBGRegionPanel size="550,50" margin="20,24,0,0" dock="DOCK_LEFT">
																<Children>
																	<IBGStaticEx size="65,25" name="linkCopySucceedTip" textClr="0x333333" text="$2316" margin="0,0,0,0" dock="DOCK_TOP">
																		<Properties>
																			<textFont>
																				<IBGFont height="20" facename="微软雅黑"/>
																			</textFont>
																		</Properties>
																	</IBGStaticEx>
																	<IBGStaticEx size="65,16" textClr="0x999999" text="$2307" margin="0,0,0,0" dock="DOCK_TOP"/>
																</Children>
															</IBGRegionPanel>
														</Children>
													</IBGRegionPanel>
													<IBGRegionPanel name="linkPasswordPanel" size="590,92" margin="0,32,0,0" dock="DOCK_TOP">
														<Children>
															<IBGRegionPanel name="linkPanel" size="590,40" margin="0,0,0,0" dock="DOCK_TOP">
																<Children>
																	<IBGStaticEx size="30,16" textClr="0x333333" text="$2271" margin="22,10,0,0" dock="DOCK_LEFT"/>
																	<IBGRegionPanel size="500,32" margin="14,5,0,5" dock="DOCK_LEFT" config="ShareLinkPanel">
																		<Children>
																			<IBGEdit size="400, 28" margin="7, 0, 93, 4" name="linkAddr" dock="DOCK_LEFT" readOnly="true" config="editShareLinkNoBorder"/>
																			<IBGStaticEx autoCalcHeight="true" autoCalcWidth="true" name="expireDaysTip" textClr="0x666666" text="$2319" margin="0,6,10,4" dock="DOCK_RIGHT"/>
																		</Children>
																	</IBGRegionPanel>
																</Children>
															</IBGRegionPanel>
															<IBGRegionPanel size="590,40" margin="0,12,0,0" dock="DOCK_TOP">
																<Children>
																	<IBGStaticEx size="30,16" name="passwordDesc" textClr="0x333333" text="$2273" margin="22,8,0,0" dock="DOCK_LEFT"/>
																	<IBGRegionPanel size="50,32" name="passwordPanel" margin="14,5,0,5" dock="DOCK_LEFT" config="ShareLinkPanel">
																		<Children>
																			<IBGEdit size="42, 28" margin="7, 0, 1, 4" name="linkPassword" dock="DOCK_LEFT" readOnly="true" config="editShareLinkNoBorder"/>
																		</Children>
																	</IBGRegionPanel>
																	<IBGButton name="copyLinkBtn" enable="true" dock="DOCK_RIGHT" enableFocus="false" size="128,36" config="createShareLinkBtn" text="$2242" margin="0, 2, 22, 2"/>
																</Children>
															</IBGRegionPanel>
														</Children>
													</IBGRegionPanel>
												</Children>
											</IBGRegionPanel>
											<IBGStaticEx size="590,16" textClr="0x999999" text="$2315" name="policyWarnning" margin="18,35,0,10" dock="DOCK_TOP"/>
										</Children>
									</IBGRegionPanel>
								</Children>
							</IBGRegionPanel>
							<IBGRegionPanel name="messageSharePanel" size="628,435" unseen="true" margin="0,0,0,0" dock="DOCK_FILL">
								<Children>
									<!-- 好友、群组选择页面 -->
									<IBGWebFrame name="webFramePanel" size="542,415" margin="1,1,1,1" dock="DOCK_FILL"/>
									<!-- 网络异常页面 -->
									<IBGRegionPanel name="netErrPanel" size="628,435" margin="0,0,0,0" dock="DOCK_FILL" unseen="true">
										<Children>
											<IBGStaticEx textClr="0x636363" autoCalcHeight="true" autoCalcWidth="true" text="$2216" margin="265,160,265,185" dock="DOCK_TOP"/>
										</Children>
									</IBGRegionPanel>
								</Children>
							</IBGRegionPanel>
						</Children>
					</IBGRegionPanel>
				</Children>
			</IBGRegionPanel>
		</Children>
	</IBGCommonWin>
</UI>
