<UI version="1.0">
	<IBGCommonWin name="SpeedFeedbackDlg" rect="0,0,526,266" unvariedSize="true" sysBtnConfig="mainPanel_CapButton" showMinButton="false" showMaxButton="false" config="mainPanel">
		<Children>
			<IBGRegionPanel name="mainContainer" sizeAsParent="true">
				<Children>
					<!-- 标题栏 -->
					<IBGRegionPanel size="526,32" margin="0,0,0,0" dock="DOCK_TOP" sizeAsParent="false">
						<Children>
							<IBDGuiCell size="24,20" margin="7,6,7,6" dock="DOCK_LEFT">
								<Properties>
									<bkground>
										<IBGVeins file="Resource:MainFrame\login_logo.png" transparent="true" colorize="false"/>
									</bkground>
								</Properties>
							</IBDGuiCell>
							<IBGStaticEx textClr="0xFFFFFF" autoCalcHeight="true" autoCalcWidth="true" text="$3062" margin="1, 10, 3, 3" dock="DOCK_LEFT"/>
						</Children>
					</IBGRegionPanel>
					<IBGRegionPanel size="526,236" margin="0,2,0,0" dock="DOCK_TOP" config="commonPanel">
						<Children>
							<IBGRegionPanel size="482,216" name="SubmitPanel" margin="22,20,22,0" unseen="false" dock="DOCK_TOP">
								<Children>
									<IBGRegionPanel dock="DOCK_TOP" size="482,166" margin="0,0,0,0" config="offlineDownloadBkgPanel">
										<Children>
											<IBGStaticEx textClr="0x636363" autoCalcHeight="true" autoCalcWidth="true" text="$3063" margin="12, 12, 3, 3" dock="DOCK_TOP"/>
											<IBGRegionPanel dock="DOCK_TOP" size="482,30" margin="12,2,6,9">
												<Children>
													<IBGStaticEx textClr="0x636363" autoCalcHeight="true" autoCalcWidth="true" text="$3064" margin="1, 5, 3, 0" dock="DOCK_LEFT"/>
													<IBGEdit editTextColor="0x999999" size="44, 22" margin="4, 2, 2, 6" name="BandwidthEdit" number="true" tabOrder="12" config="edit" dock="DOCK_LEFT"/>
													<IBGStaticEx textClr="0x636363" autoCalcHeight="true" autoCalcWidth="true" text="$3065" margin="2, 5, 3, 0" dock="DOCK_LEFT"/>
													<IBGStaticEx textClr="0x999999" autoCalcHeight="true" autoCalcWidth="true" text="$3066" margin="0, 5, 3, 0" dock="DOCK_LEFT"/>
												</Children>
											</IBGRegionPanel>
											<IBGRegionPanel size="478,72" margin="12,2,12,2" dock="DOCK_TOP" config="SpeedFeedbackPanel">
												<Children>
													<IBGEdit editTextColor="0x333333" size="420, 60" margin="4, 1, 3, 1" name="DescEdit" limitType="UTF16" limitLength="500" defaultText="$3067" multiline="true" tabOrder="12" dock="DOCK_TOP" config="editNoBorder"/>
													<IBGStaticEx name="LeftWordCountStatic" textClr="0x999999" autoCalcHeight="true" autoCalcWidth="true" margin="422, 0, 5, 2" dock="DOCK_BOTTOM"/>
												</Children>
											</IBGRegionPanel>
										</Children>
									</IBGRegionPanel>
									<IBGRegionPanel size="482,42" margin="0,0,0,0" dock="DOCK_BOTTOM">
										<Children>
											<IBGStaticEx textClr="0x999999" autoCalcHeight="true" autoCalcWidth="true" text="$3068" margin="12, 6, 3, 16" dock="DOCK_LEFT"/>
											<IBGButton name="SubmitBtn" text="$3070" enable="false" size="70,23" margin="4, 2, 1, 16" tabOrder="16" config="button" dock="DOCK_RIGHT"/>
										</Children>
									</IBGRegionPanel>
								</Children>
							</IBGRegionPanel>
							<IBGRegionPanel size="482,216" name="FinishPanel" margin="22,20,22,0" unseen="true" dock="DOCK_TOP">
								<Children>
									<IBGRegionPanel size="482,166" margin="0,0,0,0" unseen="false" dock="DOCK_TOP" config="offlineDownloadBkgPanel">
										<Children>
											<IBGStaticEx textClr="0x636363" autoCalcHeight="true" autoCalcWidth="true" text="$3069" margin="30, 50, 0, 3" dock="DOCK_LEFT">
												<Properties>
													<textFont>
														<IBGFont height="20"/>
													</textFont>
												</Properties>
											</IBGStaticEx>
											<IBGGIFControl image="Resource:\MainFrame\SpeedFeedbackDlg\FinishFeedback.png" margin="6,7,6,7" size="182, 152" dock="DOCK_RIGHT"></IBGGIFControl>
										</Children>
									</IBGRegionPanel>
									<IBGRegionPanel size="482,42" margin="0,0,0,0" dock="DOCK_BOTTOM">
										<Children>
											<IBGButton name="FinishBtn" text="$3071" size="70,23" margin="4, 2, 1, 16" tabOrder="17" config="button" dock="DOCK_RIGHT"/>
										</Children>
									</IBGRegionPanel>
								</Children>
							</IBGRegionPanel>
						</Children>
					</IBGRegionPanel>
				</Children>
			</IBGRegionPanel>
		</Children>
	</IBGCommonWin>
</UI>
