<UI version="1.0">
	<IBGCommonWin name="unlockDialog" rect="0,0,500,400" sysBtnConfig="mainPanel_CapButton" selfDrawCaption="true" unvariedSize="true" showCloseButton="true" showMinButton="true" showMaxButton="false" config="gradualWin">
		<Children>
			<IBGRegionPanel sizeAsParent="true">
				<Children>
					<!-- 标题栏 -->
					<IBGRegionPanel size="500,32" margin="0,0,0,0" dock="DOCK_TOP" sizeAsParent="false">
						<Children>
							<IBDGuiCell size="24,20" margin="7,8,7,4" dock="DOCK_LEFT">
								<Properties>
									<bkground>
										<IBGVeins file="Resource:MainFrame\login_logo.png" transparent="true" colorize="false"/>
									</bkground>
								</Properties>
							</IBDGuiCell>
							<IBGStaticEx textClr="0xFFFFFF" autoCalcHeight="true" autoCalcWidth="true" text="$2497" margin="1, 10, 3, 3" dock="DOCK_LEFT"/>
						</Children>
					</IBGRegionPanel>
					<!-- 解锁面板 -->
					<IBGRegionPanel size="498,357" margin="1,0,1,1" dock="DOCK_FILL" sizeAsParent="false">
						<Children>
							<IBGGIFControl name="lockGif" dock="DOCK_TOP" margin="109,20,109,0" image="Resource:\\MainFrame\\UnlockDlg\\lock.gif" size="140, 140"></IBGGIFControl>
							<IBGStaticEx name="userNameStatic" autoCalcHeight="true" autoCalcWidth="true" textClr="0x666666" text="" margin="0, 2, 0, 0" dock="DOCK_TOP">
								<Properties>
									<textFont>
										<IBGFont height="18"/>
									</textFont>
								</Properties>
							</IBGStaticEx>
							<IBGStaticEx size="56,16" textClr="0x9c9c9c" text="$2949" margin="200, 0, 0, 5" dock="DOCK_TOP"/>
							<IBGStaticEx name="errorInfoStatic" size="56,16" textClr="0x373fcc" text="" margin="147, 4, 0, 5" dock="DOCK_TOP" unseen="true"/>
							<IBGStaticEx name="inputTipStatic" autoCalcHeight="true" autoCalcWidth="true" textClr="0x666666" text="$2951" margin="147, 4, 0, 5" dock="DOCK_TOP" unseen="false">
								<Properties>
									<textFont>
										<IBGFont height="20"/>
									</textFont>
								</Properties>
							</IBGStaticEx>
							<IBGRegionPanel size="498,136" margin="0,5,0,0" dock="DOCK_BOTTOM">
								<Children>
									<!-- 密码 -->
									<IBGRegionPanel name="passwordPanel" size="206,27" margin="147,0,147,0" dock="DOCK_TOP" config="PswPanel">
										<Children>
											<IBGGIFControl name="smallLockGif" dock="DOCK_LEFT" margin="4,6,0,4" image="Resource:\\MainFrame\\UnlockDlg\\smalllock_normal.png" size="16, 16"></IBGGIFControl>
											<IPasswordEdit name="passwdEdit" tabOrder="11" enableFocus="TRUE" size="181,25" dock="DOCK_LEFT" margin="0,1,1,1"/>
										</Children>
									</IBGRegionPanel>
									<!-- 验证码 -->
									<IBGRegionPanel name="vcodePanel" size="498,40" margin="0,4,0,0" dock="DOCK_TOP" unseen="true">
										<Children>
											<IBGEdit size="97, 25" margin="147, 8, 0, 7" name="vcodeEdit" tabOrder="12" dock="DOCK_LEFT" config="edit"/>
											<IBGGIFControl name="vcodeGif" dock="DOCK_LEFT" margin="5,0,0,0" size="100, 40" supportOleDrop="true"></IBGGIFControl>
											<IBGStaticEx name="changeVcodeImage" autoCalcHeight="true" autoCalcWidth="true" text="$2493" margin="11, 10, 0, 14" handCursor="true" dock="DOCK_LEFT">
												<Children>
													<IBGLinkItem config="linkItem" positionMode="true" position="0,-1"/>
												</Children>
											</IBGStaticEx>
										</Children>
									</IBGRegionPanel>
									<IBGRegionPanel size="498,31" margin="0,6,0,0" dock="DOCK_TOP">
										<Children>
											<IBGButton name="unlockBtn" text="$2950" size="200,31" margin="149, 0, 149, 0" tabOrder="15" config="UnlockButton" dock="DOCK_TOP"/>
										</Children>
									</IBGRegionPanel>
									<IBGRegionPanel size="498,23" margin="0,5,0,0" dock="DOCK_BOTTOM">
										<Children>
											<IBGStaticEx name="hotKeyTip" autoCalcHeight="true" autoCalcWidth="true" text="" textClr="0x9c9c9c" margin="10, 0, 0, 7" dock="DOCK_LEFT"/>
											<IBGStaticEx name="forgetPasswd" autoCalcHeight="true" autoCalcWidth="true" text="$2490" margin="0, 0, 10, 7" handCursor="true" dock="DOCK_RIGHT">
												<Children>
													<IBGLinkItem config="linkItem" positionMode="true" position="0,-1"/>
												</Children>
											</IBGStaticEx>
										</Children>
									</IBGRegionPanel>
								</Children>
							</IBGRegionPanel>
						</Children>
					</IBGRegionPanel>
				</Children>
			</IBGRegionPanel>
		</Children>
	</IBGCommonWin>
</UI>
