﻿<layer name="DiffErrorTipDlg" width="420" height="170" appwin="0" ncRect="0,0,0,0"  resize="0" translucent="1" nomaxsize="1">
  <body>
    <dlg pos="0,0,-0,-0" class="cls_message_box">
      <caption pos="0,0,-0,38">
        <img pos="10,8" skin="common_logo_main"></img>
        <text pos="39,9" crtext="ffffff">%str820%</text>
      </caption>
      <dlg pos="0,38,-0,-0">
        <img pos="30,33,@34,@34" skin="msgbox_information"/>
        <text name="error_tip" pos="74,33,-10,73" font="0000:微软雅黑" multilines="1" crtext="666666" textmode="40804">%str823%</text>
        <imgbtn name="btn_visit_web" pos="-164,-27,-92,-3" class="defultbtn">%str825%</imgbtn>
        <imgbtn name="btn_tip" pos="-82,-27,-10,-3" class="msgboxbtn">%str821%</imgbtn>
      </dlg>
    </dlg>
  </body>
</layer>
