﻿<DuiEngine>
  <font face="微软雅黑" size="12"/>

  <skins>
    <imgframe name="dlg_frame" src="IDP_MAIN_DLG_FRAME" left="5" right="5" top="40" bottom="60"/>
    <imgframe name="img_header" src="IDP_LOGIN_BANNER" left="5" right="5" top="40" bottom="40" />
    <imgframe name="img_login_logo" src="IDP_LOGIN_LOGO" />
    <imgframe name="img_loginpanel_bg" src="IDP_LOGIN_PANEL_BG" left="5" top="5" right="20" bottom="41" />
    <imgframe name="img_loginpanel_guide_bg"  src="IDP_LOGIN_GUIDE_BG"/>
    <imgframe name="combobox_list_bg" src="IDP_IMG_LOGIN_COMBOBOX_LIST_NORMAL" left="3" top="3" right="3" bottom="3"/>
    <imgframe name="comboboxbtn" src="IDP_DROPBTN" subwidth="16"/>
    <imglst name="btn_login" src="IDP_BTN_LOGIN" subwidth="280" />
    <imgframe name="skin_edit_set" src="IDP_BORDER_EDIT_SET" subwidth="30" left="3" top="3" right="3" bottom="3" />
    <imgframe name="skin_editnc" src="IDP_BORDER_EDIT" subwidth="26" left="2" top="2"/>
    <scrollbar name="sb_common" src="IDP_SCROLL" margin="3" hasgripper="0"/>
    <vscrollbar name="sb_vertical" src="IDP_VSCROLLBAR" margin="3"/>
    <imglst name="btncheckbox" src="IDP_BTN_WND_CHECKBOX" subwidth="15"  />
    <imglst name="btnRadio" src="IDP_BTN_WND_RADIO" subwidth="15"  />
    <imglst name="focuscheckbox" src="IDP_FOCUS_CHECK"/>
    <imglst name="focusRadio" src="IDP_FOCUS_RADIO"/>
    <imgframe name="img_login_btn_reg" src="IDP_IMG_LOGIN_BTN_REG" subwidth="80" left="1" top="1" right="1" bottom="1"/>
    <imgframe name="img_login_errortip_icon" src="IDP_IMG_LOGIN_ERROR_ICON"/>
    <imglst name="thirdparty_qq" src="IDP_IMG_LOGINDLG_THIRDPARTY_QQ" />
    <imglst name="thirdparty_rr" src="IDP_IMG_LOGINDLG_THIRDPARTY_RR" />
    <imglst name="thirdparty_sinaweibo" src="IDP_IMG_LOGINDLG_THIRDPARTY_SINAWEIBO" />
    <imgframe name="img_toolbar_border_normal" src="IDP_IMG_TOOLBAR_BORDER_NORMAL" subwidth="22" left="5" top="5" right="5" bottom="5" />
    <imgframe name="img_toolbar_border_hover" src="IDP_IMG_TOOLBAR_BORDER_HOVER" subwidth="22" left="5" top="5" right="5" bottom="5" />
    <imgframe name="img_toolbar_border_down" src="IDP_IMG_TOOLBAR_BORDER_DOWN" subwidth="22" left="5" top="5" right="5" bottom="5" />
    <imglst name="btn_sys_setting"  src="IDP_BTN_SYS_SETTING" subwidth="32" />
    <imglst name="btn_sys_close"    src="IDP_BTN_SYS_CLOSE" subwidth="32" />
    <imglst name="btn_sys_minimize" src="IDP_BTN_SYS_MINIMIZE" subwidth="32" />
    <imglst name="btn_sys_maximize" src="IDP_BTN_SYS_MAXIMIZE" subwidth="32" />
    <imglst name="btn_sys_restore" src="IDP_BTN_SYS_RESOTRE" subwidth="32" />
    <button name="normalbtn" border="7D9EBC" bg="FBFCFD" bgup="FEFEFE"
      bgdown="C6E2FD" bguphover="FEFEFE" bgdownhover="DBEDFE"
      bguppush="C6E2FD" bgdownpush="FEFEFE"/>
    <imgframe name="prog_bkg" src="IDP_PROG_BKG" left="4"/>
    <imgframe name="prog_frg" src="IDP_PROG_FRG" left="4"/>
    <imgframe name="skin_menuitem" src="IDP_MENU_ITEMBKG" subwidth="54" left="35" top="2" right="2" bottom="2"/>
    <imgframe name="skin_menubg" src="IDP_MENU_BKG" left="35"/>
    <imgframe name="skin_menusplit" src="IDP_MENU_SEPLINE" left="35"/>
    <imgframe name="toast_bkg" src="IDP_TOAST_BKG" left="2" top="2" right="2" bottom="2"/>
    <imgframe name="toast_btn_close_normal" src="IDP_TOAST_BTN_CLOSE_NORMAL"/>
    <imgframe name="toast_btn_close_hover" src="IDP_TOAST_BTN_CLOSE_HOVER"/>
    <imgframe name="toast_btn_close_down" src="IDP_TOAST_BTN_CLOSE_DOWN"/>
    <imgframe name="pagectrl_prebtn_bkg" src="IDP_PAGECTRL_PREBTN" subwidth="16"/>
    <imgframe name="pagectrl_nextbtn_bkg" src="IDP_PAGECTRL_NEXTBTN" subwidth="16"/>
    <imgframe name="msgbox_hand" src="IDP_MSGBOX_ICO_HAND"/>
    <imgframe name="msgbox_question" src="IDP_MSGBOX_ICO_QUESTION"/>
    <imgframe name="msgbox_information" src="IDP_MSGBOX_ICO_INFORMATION"/>
    <imgframe name="msgbox_success" src="IDP_MSGBOX_ICO_SUCCESS"/>
    <imgframe name="msgbox_warning" src="IDP_MSGBOX_ICO_WARNING"/>
    <imgframe name="msgbox_btn" src="IDP_MSGBOX_BTN" subwidth="80" left="5" top="5" right="5" bottom="5"/>
    <imgframe name="dlg_panel_bkg_img" src="IDP_DLG_PANEL_FRAME" left="2" top="2" right="2" bottom="2"/>
    
    <gif name="loading_gif" src="IDP_GIF_LOADING"/>

    <!--登录窗口皮肤定义-->
    <imgframe name="img_login_tip_logo" src="IDP_IMG_LOGIN_LOGO" />
    <imgframe name="img_login_tip_morning" src="IDP_IMG_LOGIN_TIP_MORNING" />
    <imgframe name="img_login_tip_night" src="IDP_IMG_LOGIN_TIP_NIGHT" />
    <imgframe name="img_login_tip_water" src="IDP_IMG_LOGIN_TIP_WATER" />
    <imglst name="img_login_icon_password" src="IDP_IMG_LOGIN_PASSWORD_ICON" />
    <imglst name="img_login_icon_account" src="IDP_IMG_LOGIN_ACCOUNT_ICON" />
    <imglst name="img_login_btn_deleteaccount" src="IDP_IMG_LOGIN_BTN_DELETEACCOUNT" subwidth="16" />
    <imgframe name="img_login_list_item_bg" src="IDP_IMG_LOGIN_LIST_ITEM_BG" subwidth="60" left="3" top="3" right="3" bottom="3" />
    <imgframe name="img_login_vcode" src="IDP_IMG_LOGIN_DEFAULT_VCODE"/>
    <!--Logo皮肤定义-->
    <imgframe name="common_logo_main" src="IDP_COMMON_LOGO_MAIN" />
    
    <!--对话框皮肤-->
    <imgframe name="message_box_background" src="IDP_MESSAGEBOX_BACKGROUND_FRAME" left="10" top="40" right="10" bottom="35"/>
    
    <!--便携式设备备份相关皮肤定义-->
    <imgframe name="btn_onekey_backup" src="IDP_IMG_PDB_BTN_REG" subwidth="17" left="3" top="3" right="3" bottom="3" />
    <imgframe name="pdb_list_view_bg" src="IDP_IMG_PDB_LISTVIEW_BG" left="3" top="3" right="3" bottom="3" />
    <imgframe name="pdb_list_item_default_image" src="IDP_IMG_PDB_LISTITEM_DEFAULT_IMAGE" />
    <imgframe name="pdb_list_item_video_image" src="IDP_IMG_PDB_LISTITEM_VIDEO_IMAGE" />
    <imgframe name="pdb_list_item_selected" src="IDP_IMG_PDB_LISTITEM_SELECTED" />
    <imgframe name="pdb_list_item_deselected" src="IDP_IMG_PDB_LISTITEM_DESELECTED" />
    <imgframe name="pdb_list_item_hover" src="IDP_IMG_PDB_LISTITEM_HOVER" />
    <imgframe name="btn_common" src="IDP_BTN_COMMON" subwidth="15" left="3" top="3" right="3" bottom="3" />

    <!--数据线面板相关皮肤定义-->
    <imgframe name="datacable_frame" src="IDP_IMG_DATACABLE_PANEL_BKG" left="2" right="2" top="2" bottom="2"/>
    <imgframe name="file_img_btn" src="IDP_IMG_DATACABLE_DEFAULT_BTN" subwidth="17" left="3" top="3" right="3" bottom="3"/>
    <gif name="connnecting_gif" src="IDP_GIF_DATACABLE_CONNECTING"/>
    <imgframe name="guide_image" src="IDP_IMG_DATACABLE_USERGUIDE"/>
    <imgframe name="qr_code_image" src="IDP_IMG_DATACABLE_QRCODE"/>
    <imgframe name="phone_image" src="IDP_IMG_DATACABLE_PHONE"/>
    <imgframe name="addfile_image" src="IDP_IMG_DATACABLE_ADDFILE" subwidth="390" states="2" top="200" bottom="3"/>
    <imgframe name="framebkg_image" src="IDP_IMG_DATACABLE_FRAME_BKG" left="2" right="2" top="2" bottom="4"/>
    <imgframe name="send_img_btn" src="IDP_IMG_DATACABLE_SEND_BTN" subwidth="19" left="3" top="3" right="3" bottom="3"/>
    <imgframe name="pc_thumb_image" src="IDP_IMG_DATACABLE_PC_IMAGE"/>
    <imgframe name="phone_thumb_image" src="IDP_IMG_DATACABLE_PHONE_IMAGE"/>
    <imgframe name="openfile_img_btn" src="IDP_IMG_DATACABLE_OPENFILE_BTN" subwidth="13"/>
    <imgframe name="openfolder_img_btn" src="IDP_IMG_DATACABLE_OPENFOLDER_BTN" subwidth="14"/>
    <imgframe name="upload_img_btn" src="IDP_IMG_DATACABLE_UPLOAD_BTN" subwidth="18"/>
    <imgframe name="del_img_btn" src="IDP_IMG_DATACABLE_DEL_BTN" subwidth="16"/>
    <imgframe name="error_image" src="IDP_IMG_DATACABLE_ERROR_IMAGE"/>
    <imgframe name="phoneitembkg_file_image" src="IDP_IMG_DATACABLE_PHONEITEM_BKG" left="8" right="2" top="2" bottom="2"/>
    <imgframe name="phoneitembkg_file_hoverimage" src="IDP_IMG_DATACABLE_PHONEITEM_HOVERBKG" left="8" right="2" top="2" bottom="2"/>
    <imgframe name="phoneitembkg_file_downimage" src="IDP_IMG_DATACABLE_PHONEITEM_DOWNBKG" left="8" right="2" top="2" bottom="2"/>
    <imgframe name="phoneitembkg_folder_image" src="IDP_IMG_DATACABLE_PHONEFOLDER_BKG" left="8" right="2" top="2" bottom="2"/>
    <imgframe name="phoneitembkg_folder_hoverimage" src="IDP_IMG_DATACABLE_PHONEFOLDER_HOVERBKG" left="8" right="2" top="2" bottom="2"/>
    <imgframe name="phoneitembkg_folder_downimage" src="IDP_IMG_DATACABLE_PHONEFOLDER_DOWNBKG" left="8" right="2" top="2" bottom="2"/>
    <imgframe name="pcitembkg_file_image" src="IDP_IMG_DATACABLE_PCITEM_BKG" left="2" right="8" top="2" bottom="2"/>
    <imgframe name="pcitembkg_file_hoverimage" src="IDP_IMG_DATACABLE_PCITEM_HOVERBKG" left="2" right="8" top="2" bottom="2"/>
    <imgframe name="pcitembkg_file_downimage" src="IDP_IMG_DATACABLE_PCITEM_DOWNBKG" left="2" right="8" top="2" bottom="2"/>
    <imgframe name="pcitembkg_folder_image" src="IDP_IMG_DATACABLE_PCFOLDER_BKG" left="2" right="8" top="2" bottom="2"/>
    <imgframe name="pcitembkg_folder_hoverimage" src="IDP_IMG_DATACABLE_PCFOLDER_HOVERBKG" left="2" right="8" top="2" bottom="2"/>
    <imgframe name="pcitembkg_folder_downimage" src="IDP_IMG_DATACABLE_PCFOLDER_DOWNBKG" left="2" right="8" top="2" bottom="2"/>

    <imgframe name="miditembkg_image" src="IDP_IMG_DATACABLE_MIDITEM_BKG" left="2" right="2" top="0" bottom="0"/>
    <imgframe name="miditembkg_hoverimage" src="IDP_IMG_DATACABLE_MIDITEM_HOVERBKG" left="2" right="2" top="0" bottom="0"/>
    <imgframe name="miditembkg_downimage" src="IDP_IMG_DATACABLE_MIDITEM_DOWNBKG" left="2" right="2" top="0" bottom="0"/>
    <imgframe name="bottomitembkg_image" src="IDP_IMG_DATACABLE_BOTTOMITEM_BKG" left="2" right="2" top="0" bottom="4"/>
    <imgframe name="bottomitembkg_hoverimage" src="IDP_IMG_DATACABLE_BOTTOMITEM_HOVERBKG" left="2" right="2" top="0" bottom="4"/>
    <imgframe name="bottomitembkg_downimage" src="IDP_IMG_DATACABLE_BOTTOMITEM_DOWNBKG" left="2" right="2" top="0" bottom="4"/>
    <!--手机忘带面板相关皮肤定义-->
    <imgframe name="phone_frame" src="IDP_IMG_PHONE_PANEL_BKG" left="2" right="2" top="2" bottom="2"/>
    <imgframe name="phone_guide_image" src="IDP_IMG_PHONE_GUIDE"/>
    <imgframe name="phone_callin_image" src="IDP_IMG_PHONE_CALLIN_TYPE"/>
    <imgframe name="phone_callout_image" src="IDP_IMG_PHONE_CALLOUT_TYPE"/>
    <imgframe name="phone_unrecv_image" src="IDP_IMG_PHONE_UNRECV_TYPE"/>
    <imgframe name="phone_msg_image" src="IDP_IMG_PHONE_MSG"/>
    <imgframe name="phone_android_image" src="IDP_IMG_PHONE_ANDORID"/>
    <imgframe name="phone_hoveritem_image" src="IDP_IMG_PHONE_HOVERITEM_BKG"/>
    <imgframe name="phone_downitem_image" src="IDP_IMG_PHONE_DOWNITEM_BKG"/>
    <imgframe name="phone_new_image" src="IDP_IMG_PHONE_NEW_MSGANDCALL"/>
    <imgframe name="phone_error_image" src="IDP_IMG_PHONE_ERROR"/>
    <imgframe name="phone_empty_image" src="IDP_IMG_PHONE_EMPTY"/>
    <imgframe name="phone_loading_image" src="IDP_IMG_PHONE_LOADING"/>
    <imgframe name="phone_copymsg_btn" src="IDP_IMG_PHONE_COPYMSG_BTN" subwidth="15"/>
    <imgframe name="phone_connect_btn" src="IDP_IMG_PHONE_CONNECT_BTN" subwidth="27" left="2" right="2" top="2" bottom="2"/>
    <imgframe name="phone_op_panel" src="IDP_IMG_PHONE_OPPANEL_BKG" />
    <imgframe name="phone_tabsel_btn" src="IDP_IMG_PHONE_TABBTN_BKG"/>
    <imgframe name="phone_tabunsel_btn" src="IDP_IMG_PHONE_TABBTNUNSEL_BKG" subwidth="16" left="2" right="2" top="2" bottom="2"/>
    <imgframe name="phone_refresh_btn" src="IDP_IMG_PHONE_REFRESH_BTN" subwidth="14"/>
    <imgframe name="phone_disconnect_btn" src="IDP_IMG_PHONE_DISCONNECT_BTN" subwidth="14"/>
    <!--分享会话面板相关皮肤定义-->
    <imgframe name="share_frame" src="IDP_IMG_SHARE_PANEL_BKG" left="2" right="2" top="2" bottom="2"/>
    <imgframe name="share_msg_left_bkg" src="IDP_IMG_SHARE_MSG_LEFT_BKG" subwidth="30" left="15" right="5" top="19" bottom="3"/>
    <imgframe name="share_msg_right_bkg" src="IDP_IMG_SHARE_MSG_RIGHT_BKG" subwidth="30" left="5" right="15" top="19" bottom="3"/>
    <imgframe name="share_sessionbtn" src="IDP_IMG_SHARE_SESSION"/>
    <imgframe name="share_sessionbtn_select" src="IDP_IMG_SHARE_SESSION_SEL"/>
    <imgframe name="share_friendbtn" src="IDP_IMG_SHARE_FRIEND"/>
    <imgframe name="share_friendbtn_select" src="IDP_IMG_SHARE_FRIEND_SEL"/>
    <imgframe name="share_groupbtn" src="IDP_IMG_SHARE_GROUP"/>
    <imgframe name="share_groupbtn_select" src="IDP_IMG_SHARE_GROUP_SEL"/>
    <imgframe name="share_add_btn_img" src="IDP_IMG_SHARE_ADD_BTN" subwidth="48"/>
    <imgframe name="share_empty_img" src="IDP_IMG_SHARE_EMPTY_IMAGE"/>
    <imgframe name="share_hoveritem_img" src="IDP_IMG_SHARE_HOVER_ITEM_BKG"/>
    <imgframe name="share_downitem_img" src="IDP_IMG_SHARE_DOWN_ITEM_BKG"/>
    <imgframe name="share_userhead_img" src="IDP_IMG_SHARE_PEOPLE_BKG"/>
    <imgframe name="share_leftpanel_img" src="IDP_IMG_SHARE_LEFTPANEL_BKG"/>
    <imgframe name="share_filebtn" src="IDP_IMG_SHARE_FILE_BTN" subwidth="15" left="2" right="2"/>
    <imgframe name="share_commonbtn" src="IDP_IMG_SHARE_BTN" subwidth="15" left="2" right="2"/>
    <imgframe name="share_update_btn" src="IDP_IMG_SHARE_UPDATE_BTN" subwidth="20"/>
    <imgframe name="share_memberhover_img" src="IDP_IMG_SHARE_MEMBER_HOVER" left="2" right="2" top="2" bottom="2"/>
    <imgframe name="share_deletebtn" src="IDP_IMG_SHARE_DEL_BTN" subwidth="16"/>
    <imgframe name="share_unread_bkg" src="IDP_IMG_SHARE_UNREAD_BKG" left="7" right="7"/>
    <imgframe name="share_addmemberbtn" src="IDP_IMG_SHARE_ADD_MEMBER_BTN" subwidth="64"/>
    <imgframe name="share_backbtn" src="IDP_IMG_SHARE_BACK_BTN" subwidth="46"/>
    <imgframe name="share_groupowner_img" src="IDP_IMG_SHARE_GROUP_OWNER_BKG"/>
    <imgframe name="share_delmemberbtn" src="IDP_IMG_SHARE_DEL_MEMBER" subwidth="19"/>
    <imgframe name="share_emptysession_bkg" src="IDP_IMG_SHARE_EMPTY_SESSION_BKG"/>
    <imgframe name="share_filefactorybtn" src="IDP_IMG_SHARE_FILE_FACTORY_BTN" subwidth="70"/>
    <imgframe name="share_msgdownbtn" src="IDP_IMG_SHARE_MSG_DOWN_BTN" subwidth="30" right="21"/>
    <imgframe name="share_sysmsg_img" src="IDP_IMG_SHARE_SYSTEM_MSG_BKG" left="2" right="2"/>
    <imgframe name="share_downfilebtn" src="IDP_IMG_SHARE_DOWN_BTN" subwidth="18"/>
    <imgframe name="share_transferfilebtn" src="IDP_IMG_SHARE_TRANSFER_BTN" subwidth="18"/>
    <imgframe name="share_videoplaybtn" src="IDP_IMG_SHARE_VIDEO_PLAY_BTN" subwidth="48"/>
    <imgframe name="share_defthumb" src="IDP_IMG_SHARE_DEF_THUMB_BKG"/>
    <!--分享会话添加好友相关资源-->
    <imgframe name="share_addfriend_searchbox_input_bkg" src="IDP_IMG_SHARE_ADDFRIEND_SEARCHBOX_INPUT_BKG" left="6" right="6" top="14" bottom="14"/>
    <imglst name="share_addfriend_delete_btn" src="IDP_IMG_SHARE_ADDFRIEND_SEARCHBOX_DELETE_BTN" subwidth="38"/>
    <imgframe name="share_addfriend_add_frame_bkg" src="IDP_IMG_SHARE_ADDFRIEND_ADD_FRAME_BKG" left="9" right="9" top="9" bottom="9"/>

    <!--功能宝箱面板相关皮肤定义-->
    <imgframe name="function_frame" src="IDP_IMG_FUNTION_PANEL_BKG" left="2" right="2" top="2" bottom="2"/>
    <imgframe name="function_datacable_img" src="IDP_IMG_FUNTION_DATACABLE"/>
    <imgframe name="function_phone_img" src="IDP_IMG_FUNTION_PHONE"/>
    <imgframe name="function_backup_img" src="IDP_IMG_FUNTION_BACKUP"/>
    <imgframe name="function_vip_only_img" src="IDP_IMG_FUNTION_VIPONLY"/>
    <imgframe name="function_lock_img" src="IDP_IMG_FUNTION_LOCK"/>
    <imgframe name="function_recycle_img" src="IDP_IMG_FUNTION_RECYCLE"/>
    <imgframe name="function_btn_img" src="IDP_IMG_FUNTION_BTN_BKG" subwidth="16" left="2" right="2" top="2" bottom="2"/>
    <!--文件类型相关皮肤定义-->
    <imgframe name="video_middle_image" src="IDP_IMG_FILETYPE_MIDDLE_VIDEO"/>
    <imgframe name="audio_middle_image" src="IDP_IMG_FILETYPE_MIDDLE_AUDIO"/>
    <imgframe name="image_middle_image" src="IDP_IMG_FILETYPE_MIDDLE_IMAGE"/>
    <imgframe name="rar_middle_image" src="IDP_IMG_FILETYPE_MIDDLE_RAR"/>
    <imgframe name="exe_middle_image" src="IDP_IMG_FILETYPE_MIDDLE_EXE"/>
    <imgframe name="ipa_middle_image" src="IDP_IMG_FILETYPE_MIDDLE_IPA"/>
    <imgframe name="apk_middle_image" src="IDP_IMG_FILETYPE_MIDDLE_APK"/>
    <imgframe name="txt_middle_image" src="IDP_IMG_FILETYPE_MIDDLE_TXT"/>
    <imgframe name="xls_middle_image" src="IDP_IMG_FILETYPE_MIDDLE_XLS"/>
    <imgframe name="doc_middle_image" src="IDP_IMG_FILETYPE_MIDDLE_DOC"/>
    <imgframe name="ppt_middle_image" src="IDP_IMG_FILETYPE_MIDDLE_PPT"/>
    <imgframe name="pdf_middle_image" src="IDP_IMG_FILETYPE_MIDDLE_PDF"/>
    <imgframe name="vsd_middle_image" src="IDP_IMG_FILETYPE_MIDDLE_VSD"/>
    <imgframe name="torrent_middle_image" src="IDP_IMG_FILETYPE_MIDDLE_TORRENT"/>
    <imgframe name="cad_middle_image" src="IDP_IMG_FILETYPE_MIDDLE_CAD"/>
    <imgframe name="other_middle_image" src="IDP_IMG_FILETYPE_MIDDLE_OTHER"/>
    <imgframe name="apps_middle_image" src="IDP_IMG_FILETYPE_MIDDLE_APPS"/>
    <imgframe name="folder_middle_image" src="IDP_IMG_FILETYPE_MIDDLE_FOLDER"/>
    <imgframe name="mixfile_middle_image" src="IDP_IMG_FILETYPE_MIDDLE_MIX"/>

    <imgframe name="video_small_image" src="IDP_IMG_FILETYPE_SMALL_VIDEO"/>
    <imgframe name="audio_small_image" src="IDP_IMG_FILETYPE_SMALL_AUDIO"/>
    <imgframe name="image_small_image" src="IDP_IMG_FILETYPE_SMALL_IMAGE"/>
    <imgframe name="rar_small_image" src="IDP_IMG_FILETYPE_SMALL_RAR"/>
    <imgframe name="exe_small_image" src="IDP_IMG_FILETYPE_SMALL_EXE"/>
    <imgframe name="ipa_small_image" src="IDP_IMG_FILETYPE_SMALL_IPA"/>
    <imgframe name="apk_small_image" src="IDP_IMG_FILETYPE_SMALL_APK"/>
    <imgframe name="txt_small_image" src="IDP_IMG_FILETYPE_SMALL_TXT"/>
    <imgframe name="xls_small_image" src="IDP_IMG_FILETYPE_SMALL_XLS"/>
    <imgframe name="doc_small_image" src="IDP_IMG_FILETYPE_SMALL_DOC"/>
    <imgframe name="ppt_small_image" src="IDP_IMG_FILETYPE_SMALL_PPT"/>
    <imgframe name="pdf_small_image" src="IDP_IMG_FILETYPE_SMALL_PDF"/>
    <imgframe name="vsd_small_image" src="IDP_IMG_FILETYPE_SMALL_VSD"/>
    <imgframe name="torrent_small_image" src="IDP_IMG_FILETYPE_SMALL_TORRENT"/>
    <imgframe name="cad_small_image" src="IDP_IMG_FILETYPE_SMALL_CAD"/>
    <imgframe name="other_small_image" src="IDP_IMG_FILETYPE_SMALL_OTHER"/>
    <imgframe name="apps_small_image" src="IDP_IMG_FILETYPE_SMALL_APPS"/>
    <imgframe name="folder_small_image" src="IDP_IMG_FILETYPE_SMALL_FOLDER"/>
    <!--imgframe name="mixfile_small_image" src="IDP_IMG_FILETYPE_SMALL_MIX"/-->
    
    <!--自动备份升级皮肤定义-->
    <imgframe name="backup_update_guide_image"  src="IDP_BACKUP_UPDATE_GUIDE_BG"/>
    <imgframe name="backup_update_expired_image"  src="IDP_BACKUP_UPDATE_EXPIRED_BG"/>
    <imgframe name="backup_update_mask_bg"  src="IDP_BACKUP_UPDATE_GUIDE_MASK"/>
    <imglst name="backup_update_red_btn" src="IDP_BACKUP_UPDATE_BTN_RED" subwidth="254" />
    <imglst name="backup_update_grey_btn" src="IDP_BACKUP_UPDATE_BTN_GREY" subwidth="170" />
    <imglst name="backup_unlock_upgrade_btn" src="IDP_BACKUP_UNLOCK_BTN_UPGRADE" subwidth="138" />
    <imgframe name="backup_unlock_guide_image"  src="IDP_BACKUP_UNLOCK_GUIDE_BG"/>
    <imglst name="backup_update_red_discount_btn" src="IDP_BACKUP_UPDATE_BTN_RED_DISCOUNT" subwidth="266" />
    <imgframe name="backup_update_closebtn"  src="IDP_BACKUP_UPDATE_CLOSE_BTN" subwidth="24"/>

    <!--批量上传文件特权皮肤定义-->
    <imgframe name="batch_upload_guide_image"  src="IDP_BATCH_UPLOAD_GUIDE_BG"/>
    <imgframe name="batch_upload_upgrade_btn"  src="IDP_BATCH_UPLOAD_BTN_BG" subwidth="17" left="3" top="3" right="3" bottom="3"/>
    <!--会员身份自动升级皮肤定义-->
    <imgframe name="autoupgrade_svip_tip_bg"  src="IDP_AUTOUPGRADE_SVIP_TIP_MASK"/>
    <imgframe name="autoupgrade_svip_tip_guide"  src="IDP_AUTOUPGRADE_SVIP_TIP_GUIDE"/>
    <imgframe name="autoupgrade_svip_tip_closebtn"  src="IDP_AUTOUPGRADE_SVIP_TIP_CLOSE_BTN" subwidth="24"/>
    <imgframe name="autoupgrade_svip_tip_knownbtn"  src="IDP_AUTOUPGRADE_SVIP_TIP_KNOWN_BTN" subwidth="100"/>

    <!--云解压相关皮肤定义-->
    <imgframe name="compresspackage_guide1_vip_image" src="IDP_COMPRESSPACKAGE_GUIDE1_VIP_BG"/>
    <imgframe name="compresspackage_guide1_svip_image" src="IDP_COMPRESSPACKAGE_GUIDE1_SVIP_BG"/>
    <imgframe name="compresspackage_guide2_svip_image" src="IDP_COMPRESSPACKAGE_GUIDE2_SVIP_BG"/>
    <imgframe name="compresspackage_guide3_vip_image" src="IDP_COMPRESSPACKAGE_GUIDE3_VIP_BG"/>
    <imgframe name="compresspackage_upgrade_svip_image" src="IDP_COMPRESSPACKAGE_UPGRADE_SVIP_BG"/>
    <imgframe name="compresspackage_upgrade_vip_btn" src="IDP_COMPRESSPACKAGE_UPGRADE_VIP_BTN" subwidth="152"/>
    <imgframe name="compresspackage_upgrade_svip_btn" src="IDP_COMPRESSPACKAGE_UPGRADE_SVIP_BTN" subwidth="152"/>
    <imgframe name="compresspackage_progress_bg" src="IDP_COMPRESSPACKAGE_PROGRESS_BG" left="4" top="4" right="4" bottom="4"/>
    <imgframe name="compresspackage_progress_fg" src="IDP_COMPRESSPACKAGE_PROGRESS_FG" left="4" top="4" right="4" bottom="4"/>
    <imgframe name="compresspackage_back_btn" src="IDP_COMPRESSPACKAGE_BACK_BTN" subwidth="12"/>
    <imgframe name="compresspackage_list_bg" src="IDP_COMPRESSPACKAGE_LIST_BG" left="6" top="6" right="6" bottom="6"/>
    <imgframe name="compresspackage_list_frameselect_bg" src="IDP_COMPRESSPACKAGE_SELECT_BG" left="2" top="2" right="2" bottom="2"/>
    <imgframe name="compresspackage_listitem_hover_bg" src="IDP_COMPRESSPACKAGE_LISTITEM_HOVER_BG" left="2" top="2" right="2" bottom="2"/>
    <imgframe name="compresspackage_listitem_down_bg" src="IDP_COMPRESSPACKAGE_LISTITEM_DOWN_BG" left="2" top="2" right="2" bottom="2"/>
    <imgframe name="compresspackage_listitem_normal_bg" src="IDP_COMPRESSPACKAGE_LISTITEM_NORMAL_BG" left="2" top="2" right="2" bottom="2"/>
    <imglst name="compresspackage_supervip_img" src="IDP_COMPRESSPACKAGE_SUPERVIP"/>
    <imglst name="compresspackage_vip_img" src="IDP_COMPRESSPACKAGE_VIP"/>
    <imglst name="compresspackage_unziplist_empty_img" src="IDP_COMPRESSPACKAGE_UNZIPLIST_EMPTY"/>
    <imgframe name="inputpassword_eye_invisible_img" src="IDP_INPUTPASSWORD_EYE_INVISIBLE" subwidth="28"/>
    <imgframe name="inputpassword_eye_visible_img" src="IDP_INPUTPASSWORD_EYE_VISIBLE" subwidth="28" />
    <imgframe name="errortipdlg_buy_btn" src="IDP_ERRORTIPDLG_BUY_BTN" subwidth="120"/>
    <imgframe name="errortipdlg_upgrade_btn" src="IDP_ERRORTIPDLG_UPGRADE_BTN" subwidth="120"/>
    <imgframe name="errortipdlg_guide_bug_img" src="IDP_ERRORTIPDLG_GUIDE_BUY"/>
    <imgframe name="errortipdlg_guide_upgrade_img" src="IDP_ERRORTIPDLG_GUIDE_UPGRADE"/>
    <gif name="gif_prepare_unzip" src="IDP_GIF_PREPARE_UNZIP"/>
  
     <!--文件属性相关皮肤定义-->
    <imgframe name="file_property_file_type_bkg_img" src="IDP_FILE_PROPERTY_TYPE_BKG" left="2" top="2" right="2" bottom="2"/>
    <!--账号引导面板相关定义-->
    <imgframe name="title_bkskin" src="IDP_DLG_TITLE_BACKGROUND" />
    <imgframe name="attention_bkskin" src="IDP_DLG_ATTENTION" />
    <imgframe name="fileversion_vip_guide_bkskin" src="IDP_DLG_FILEVERSION_VIP_IMG" />
    <imgframe name="fileversion_svip_enable_guide_bkskin" src="IDP_DLG_FILEVERSION_VIP_BGSKIN" left="2" top="2" right="2" bottom="2"/>
  </skins>

  <style>
    <class name="cls_dlg_frame" skin="dlg_frame" font="0000:微软雅黑" crtext="FFFFFF" x-margin="0"/>
    <class name="cls_btn_link" cursor="hand" crhover="0A84D2" />
    <class name="cls_btn_weblink" cursor="hand" crtext="1e78d5" crhover="1e78d5" font="0000:微软雅黑" hoverfont="0002:微软雅黑" />
    <class name="cls_txt_red"  crtext="FF0000" />
    <class name="cls_txt_black"  crtext="000000" font="0000:微软雅黑"/>
    <class name="toolbar_button_color" crtext="565656" />
    <class name="cls_txt_white"  crtext="FFFFFF" font="0000:微软雅黑"/>
    <class name="Arial_txt_white_center" font="0004:Arial" textmode="25" crtext="FFFFFF" />
    <class name="cls_toast_txt" font="0000:微软雅黑" textmode="25" crtext="FFFFFF" />
    <class name="cls_toast_link" cursor="hand" crtext="ffe868" crhover="ffe868" font="0002:微软雅黑" hoverfont="0002:微软雅黑"/>
    <class name="cls_message_box" skin="message_box_background" font="0000:微软雅黑" crtext="FFFFFF" x-margin="0"/>
    <!--便携式设备备份界面style定义-->
    <class name="portable_device_dialog_title" crtext="FFFFFF"/>
    <class name="portable_device_backcount_text" crtext="333333" font="0200:微软雅黑" textmode="25"/>
    <class name="portable_device_backtip_text" crtext="999999" font="0000:微软雅黑" textmode="25"/>
    <class name="portable_device_list_item_text" crtext="000000" font2="facename:宋体;bold:0;italic:0;underline:0;adding:-2"/>
    <class name="portable_device_number_text" crtext="449cde" font="0604:Arial" textmode="25"/>

    <class name="device_list_item_tip" crtext="333333" font="0200:微软雅黑" textmode="25"/>
    <class name="button" skin="btn_common" font="0000:微软雅黑" crtext="333333" crdisabled="91a7c0" textmode="25" x-margin="0"/>
    <class name="normalbtn" skin="normalbtn" font="0000:微软雅黑" crtext="385e8b" crdisabled="91a7c0" textmode="25" x-margin="0"/>
    <class name="defultbtn" skin="file_img_btn" font="0000:微软雅黑" crtext="ffffff" crdisabled="ffffff" textmode="25" x-margin="0"/>
    <class name="msgboxbtn" skin="msgbox_btn" font="0000:微软雅黑" crtext="636363" crdisabled="636363" textmode="25" x-margin="0"/>
    <class name="redbgbtn" skin="backup_update_red_btn" font="0000:微软雅黑" crtext="ffffff" crdisabled="ffffff" textmode="25" x-margin="0"/>
    <class name="toptext" textmode="20" />
    <class name="vcentertext" textmode="24" crtext="666666"/>
    <class name="rightvcentertext" textmode="26"/>
    <class name="centertext" textmode="25"/>
    <class name="righttext" textmode="22"/>
    <class name="Arial_txt_white" font="0000:Arial" textmode="25" crtext="FCF5F1" />
    <class name="Arial_txt_gray" font="0000:Arial" textmode="25" crtext="565656" />
    <class name="pagectrl_num" font="0000:微软雅黑" hoverfont="0002:微软雅黑" textmode="40021" crtext="666666" />

    <class name="linkimage" cursor="hand"/>
    <class name="cls_border" cursor="hand" ncskin="skin_editnc" x-margin="2" y-margin="2"/>
    <class name="cls_edit" x-margin="2" y-margin="2" richedit="0" ncskin="skin_editnc"/>
    <class name="cls_password_edit" font="0600:Arial" textmode="24" />
    <class name="cls_edit_set" crtext="565656" x-margin="2" y-margin="2" ncskin="skin_editnc" skin="skin_edit_set" />
    <!--数据线面板style定义-->
    <class name="btn_file_from_phone" skin="file_img_btn" font="0000:微软雅黑" crtext="ffffff" crdisabled="ffffff" textmode="25" x-margin="0"/>
    <class name="phone_tip_text" crtext="3c6889" font="0a00:微软雅黑" textmode="25"/>
    <class name="datacable_tip_text" crtext="333333" font="0200:微软雅黑" textmode="25"/>
    <class name="datacable_imagetip_text" crtext="999999" font="0200:微软雅黑" textmode="25"/>
    <class name="datacable_devicename_text" crtext="449cde" font="0200:微软雅黑" textmode="40024"/>
    <class name="datacable_peerdevicename_text" crtext="ffffff" font="0800:微软雅黑" textmode="40025"/>
    <class name="datacable_discovery_device_text" font="0000:微软雅黑" crtext="666666" textmode="40025"/>
    <class name="btn_try" skin="btn_common" font="0000:微软雅黑" crtext="333333" crdisabled="999999" textmode="25" x-margin="0"/>
    <class name="datacable_quota_text" font="0000:微软雅黑" crtext="ffffff" textmode="40025"/>
    <class name="datacable_time_text" crtext="ffffff" font="0a00:微软雅黑" textmode="25"/>
    <class name="datacable_finish_text" crtext="6eb23d" font="0000:微软雅黑" textmode="29"/>
    <class name="datacable_trans_count_text" crtext="6eb23d" font="0404:微软雅黑" textmode="40025"/>
    <class name="datacable_disconnect_link" cursor="hand" crtext="449cde" crhover="0066cc" font="0202:微软雅黑" hoverfont="0202:微软雅黑" />
    <class name="datacable_accept_file_text" crtext="999999" font="0a00:微软雅黑" textmode="25"/>
    <class name="btn_send_file" skin="send_img_btn" font="0400:微软雅黑" crtext="333333" crdisabled="333333" textmode="25" x-margin="0"/>
    <class name="datacable_trans_time_text" font="0000:微软雅黑" crtext="999999" textmode="40025"/>
    <class name="datacable_trans_size_text" font="0000:微软雅黑" crtext="999999" textmode="40024"/>
    <class name="datacable_trans_error_text" font="0000:微软雅黑" crtext="999999" textmode="40024"/>
    <class name="datacable_trans_filename_text" font="0000:微软雅黑" crtext="3c6889" textmode="40024"/>
    <class name="datacable_retry_link" cursor="hand" crtext="449cde" crhover="0066cc" font="0002:微软雅黑" hoverfont2="0002:微软雅黑" />
    <!--手机忘带面板style定义-->
    <class name="phone_panel_tip1_text" crtext="3c6889" font="0a00:微软雅黑" textmode="24"/>
    <class name="phone_panel_tip2_text" crtext="666666" font="0a00:微软雅黑" textmode="24"/>
    <class name="phone_panel_tip3_text" crtext="666666" font="0200:微软雅黑" textmode="25"/>
    <class name="phone_panel_tip4_text" crtext="999999" font="0004:微软雅黑" textmode="25"/>
    <class name="phone_panel_name_text" crtext="333333" font="0200:微软雅黑" textmode="24"/>
    <class name="phone_panel_time_text" crtext="999999" font="0000:微软雅黑" textmode="24"/>
    <class name="phone_panel_msg_text" crtext="999999" font="0000:微软雅黑" textmode="40024"/>
    <class name="phone_panel_msg_multi_text" crtext="999999" font="0000:微软雅黑" textmode="4"/>
    <class name="phone_panel_calcsize_text" crtext="999999" font="0000:微软雅黑"/> 
    <class name="phone_panel_text" crtext="3c6889" font="0000:微软雅黑" textmode="25"/>
    <class name="phone_panel_link" cursor="hand" crtext="3c6889" crhover="0696f5" font="0002:微软雅黑" hoverfont="0002:微软雅黑" textmode="40024"/>
    <class name="btn_connect_phone" skin="phone_connect_btn" font="0600:微软雅黑" crtext="ffffff" crdisabled="ffffff" textmode="25" x-margin="0"/>
    <class name="phone_tabsel_btn" skin="phone_tabsel_btn" crtext="0696f5" font="0000:微软雅黑" textmode="25"/>
    <class name="phone_tabunsel_btn" skin="phone_tabunsel_btn" crtext="3c6889" font="0000:微软雅黑" textmode="25"/>
    <!--功能宝箱style定义-->
    <class name="functional_panel_btn_text" crtext="333333" font="0600:微软雅黑" textmode="24"/>
    <class name="functional_panel_btn_tip" crtext="999999" font="0200:微软雅黑" textmode="24"/>
    <class name="functional_panel_head_tip" crtext="333333" font="0a00:微软雅黑" textmode="25"/>
    <class name="functional_panel_head_tip1" crtext="999999" font="0400:微软雅黑" textmode="25"/>
    <!--菜单style定义-->
    <class name="cls_menu" crtxt="000000" crtxtsel="000000" font="0000:微软雅黑"/>
    <!--登录窗口style定义-->
    <class name="logindlg_login_btn" crtext="ffffff" crdisabled="ffffff" skin="btn_login" font="0400:微软雅黑" textmode="25"/>
    <class name="logindlg_tip_text" crtext="333333" font="0000:微软雅黑" textmode="40025"/>
    <class name="logindlg_tip1_text" crtext="999999" font="0000:微软雅黑" textmode="40024"/>
    <class name="logindlg_button" skin="btn_common" font="0200:微软雅黑" crtext="333333" crdisabled="91a7c0" textmode="25" x-margin="0"/>
    <!--分享style定义-->
    <class name="share_panel_msg_text" crtext="999999" font="0000:微软雅黑" textmode="40024"/>
    <class name="share_tab_btn" cursor="arrow" crtext="c2cbd4" crhover="59bafd" font="0000:微软雅黑" textmode="25"/>
    <class name="share_panel_common_text" crtext="333333" font="0000:微软雅黑" textmode="40024"/>
    <class name="share_panel_name_text" crtext="333333" font="0200:微软雅黑" textmode="40024"/>
    <class name="share_panel_tip_text" crtext="999999" font="0000:微软雅黑" textmode="40024"/>
    <class name="share_panel_time_text" crtext="999999" font="0000:微软雅黑" textmode="40026"/>
    <class name="share_panel_unread_num_text" crtext="ffffff" font="0000:微软雅黑" textmode="40025"/>
    <class name="share_panel_username_text" crtext="333333" font="0400:微软雅黑" textmode="40025"/>
    <class name="share_file_btn" cursor="arrow" crtext="ffffff" skin="share_filebtn" font="0000:微软雅黑" textmode="25"/>
    <class name="share_common_btn" cursor="arrow" crtext="333333" skin="share_commonbtn" font="0000:微软雅黑" textmode="25"/>
    <class name="share_empty_text" crtext="999999" font="0000:微软雅黑" textmode="25"/>
    <class name="share_panel_member_text" crtext="333333" font="0000:微软雅黑" textmode="40025"/>
    <class name="share_panel_msg_title_text" crtext="333333" font="0200:微软雅黑" textmode="40025"/>
    <class name="share_filefactory_btn" cursor="arrow" crtext="3c6889" crhover="35abf9" crpush="3c6889" skin="share_filefactorybtn" font="0000:微软雅黑" textmode="26"/>
    <class name="share_back_btn" cursor="arrow" crtext="999999" crhover="35abf9" skin="share_backbtn" font="0000:微软雅黑" textmode="26"/>
    <class name="share_msg_time_text" crtext="999999" font="0000:微软雅黑" textmode="40025"/>
    <class name="share_msg_name_text" crtext="999999" font="0000:微软雅黑" textmode="40024"/>
    <class name="share_self_name_text" crtext="999999" font="0000:微软雅黑" textmode="40026"/>
    <class name="share_file_name_text" cursor="hand" crtext="333333" crhover="1e78d5" font="0000:微软雅黑" hoverfont="0002:微软雅黑" textmode="40024"/>
    <class name="share_invite_text" crtext="6e6741" font="0000:微软雅黑"/>
    <class name="share_msgdown_btn" cursor="arrow" crtext="333333" crhover="59bafd" font="0200:微软雅黑" skin="share_msgdownbtn" textmode="40024"/>
    <!--批量上传窗口style定义-->
    <class name="batchuploaddlg_guide_text" crtext="333333" font="0000:微软雅黑" textmode="40025"/>
    <class name="autoupgrade_tip_dlg_link" crtext="ffec2e" font="0002:微软雅黑" textmode="40025" cursor="hand"/>
    <class name="batchuploaddlg_defultbtn" skin="batch_upload_upgrade_btn" font="0000:微软雅黑" crtext="ffffff" crdisabled="ffffff" textmode="25" x-margin="0"/>

    <!--自动备份升级style定义-->
    <class name="backup_unlock_dlg_link" crtext="438af7" font="0002:微软雅黑" textmode="40025" cursor="hand"/>

    <!--云解压style定义-->
    <class name="passwordinputdlg_confirm_text" skin="file_img_btn" crtext="ffffff" crdisabled="ffffff" cursor="arrow" font="0200:微软雅黑" textmode="25"/>
    <class name="compresspackage_filename_link" font="0000:微软雅黑" hoverfont="0002:微软雅黑" crtext="333333" cursor="hand" crhover="757880" textmode="40824"/>
    <class name="compresspackage_font_lightdark" font="0000:微软雅黑" crtext="999999" cursor="arrow" textmode="25"/>
    <class name="compresspackage_font_dark" font="0000:微软雅黑" crtext="333333" cursor="arrow" textmode="25"/>
    <class name="preparedlg_vip_font" font="0201:微软雅黑" crtext="333333" cursor="arrow"/>
    <!--用户引导面板style定义-->
    <class name="guide_dlg_frame" skin="title_bkskin" font="0000:微软雅黑" crtext="FFFFFF" x-margin="0"/>
  </style>

  <objattr>
    <button class="normalbtn"/>
    <check skin="btncheckbox"/>
    <radio skin="btnRadio"/>
    <imgbtn class="linkimage"/>
    <divex sbskin="sb_common" sbwid="18" sbarrowsize="18"/>
    <duiedit baseClass="divex" transparent="1"/>
    <scrollview baseClass="divex"/>
    <duilistbox baseClass="divex"/>
    <treectrl baseClass="divex"/>
  </objattr>

</DuiEngine>