<UI version="1.0">
	<!-- 激活隐藏空间面板 -->
	<IBGRegionPanel size="900,480" name="activateSafeboxPanel" ncHitTest="1" margin="0,0,0,0" dock="DOCK_FILL">
		<Children>
			<!--启用隐藏空间面板 -->
			<IBGRegionPanel name="activatePanel" dock="DOCK_TOP" size="570,240" margin="165,123,165,17" unseen="true">
				<Children>
					<IBGRegionPanel size="570, 240" margin="0,0,0,0" dock="DOCK_TOP">
						<Children>
							<IBGGIFControl dock="DOCK_LEFT" margin="30,0,42,102" image="Resource:MainFrame\\MainPanel\\SafeBox\\close.png" size="132, 138"></IBGGIFControl>
							<IBGRegionPanel dock="DOCK_LEFT" size="366,240" margin="0,0,0,0">
								<Children>
									<IBGStaticEx size="366, 0" autoCalcHeight="true" textClr="0x89683c" text="$2133" margin="0, 20, 0, 0" dock="DOCK_TOP">
										<Properties>
											<textFont>
												<IBGFont height="24"/>
											</textFont>
										</Properties>
									</IBGStaticEx>
									<IBGRegionPanel size="296, 47" margin="0,40,70,0" dock="DOCK_TOP">
										<Children>
											<IBGButton name="activateBtn" text="$2135" size="170,47" margin="0, 0, 20, 0" config="safeboxBtn" dock="DOCK_LEFT"/>
											<IBGStaticEx name="safeboxLinkTip" autoCalcHeight="true" autoCalcWidth="true" text="$2136" margin="0, 29, 0, 0" handCursor="true" dock="DOCK_LEFT">
												<Children>
													<IBGLinkItem config="linkItem" positionMode="true" position="0,-1"/>
												</Children>
											</IBGStaticEx>
										</Children>
									</IBGRegionPanel>
									<IBGRegionPanel name="thirdpartyTipPanel" size="296, 66" margin="0,30,70,0" unseen="true" dock="DOCK_TOP">
										<Children>
											<IBGStaticEx size="45,18" autoCalcWidth="true" text="$2556" margin="2, 0, 2, 4" dock="DOCK_TOP" textClr="0x333333">
												<Properties>
													<textFont>
														<IBGFont height="18"/>
													</textFont>
												</Properties>
											</IBGStaticEx>
											<IBGRegionPanel size="296, 22" margin="0,0,0,0" dock="DOCK_TOP">
												<Children>
													<IBGStaticEx size="45,18" name="thirdparty_step1" autoCalcWidth="true" textClr="0x666666" text="$2557" margin="2, 0, 2, 4" dock="DOCK_LEFT">
														<Properties>
															<textFont>
																<IBGFont height="18"/>
															</textFont>
														</Properties>
													</IBGStaticEx>
													<IBGStaticEx name="bindLinkTip" autoCalcHeight="true" autoCalcWidth="true" text="$2134" margin="2, 0, 0, 4" handCursor="true" dock="DOCK_LEFT">
														<Children>
															<IBGLinkItem config="linkItem" positionMode="true" position="0,-1"/>
														</Children>
													</IBGStaticEx>
												</Children>
											</IBGRegionPanel>
											<IBGStaticEx size="45,18" autoCalcWidth="true" textClr="0x666666" text="$2558" margin="2, 0, 2, 4" dock="DOCK_TOP">
												<Properties>
													<textFont>
														<IBGFont height="18"/>
													</textFont>
												</Properties>
											</IBGStaticEx>
										</Children>
									</IBGRegionPanel>
								</Children>
							</IBGRegionPanel>
						</Children>
					</IBGRegionPanel>
					<!--用户引导提示-->
					<IBGRegionPanel name="userTip" unseen="true" size="540, 45" margin="30,-85,0,0" dock="DOCK_TOP">
						<Children>
							<IBGStaticEx size="200,18" autoCalcWidth="true" text="$2152" margin="2, 0, 2, 4" dock="DOCK_TOP" textClr="0x333333">
								<Properties>
									<textFont>
										<IBGFont height="18"/>
									</textFont>
								</Properties>
							</IBGStaticEx>
							<IBGStaticEx size="366,18" autoCalcWidth="true" textClr="0x666666" text="$2153" margin="2, 0, 2, 4" dock="DOCK_TOP">
								<Properties>
									<textFont>
										<IBGFont height="18"/>
									</textFont>
								</Properties>
							</IBGStaticEx>
						</Children>
					</IBGRegionPanel>
				</Children>
			</IBGRegionPanel>
			<!-- 进入隐藏空间面板 -->
			<IBGRegionPanel name="unlockPanel" dock="DOCK_TOP" size="570,225" margin="269,45,269,45" unseen="true">
				<Children>
					<IBGRegionPanel dock="DOCK_TOP" size="570,180" margin="0,0,0,0">
						<Children>
							<IBGGIFControl dock="DOCK_LEFT" margin="30,0,42,32" image="Resource:MainFrame\\MainPanel\\SafeBox\\close.png" size="132, 138"></IBGGIFControl>
							<IBGRegionPanel dock="DOCK_LEFT" size="280,172" margin="0,0,0,0">
								<Children>
									<IBGStaticEx autoCalcWidth="true" autoCalcHeight="true" textClr="0x89683c" text="$2137" margin="0, 0, 0, 1" dock="DOCK_TOP">
										<Properties>
											<textFont>
												<IBGFont height="24"/>
											</textFont>
										</Properties>
									</IBGStaticEx>
									<IBGRegionPanel dock="DOCK_TOP" size="280,20" margin="0,0,0,0">
										<Children>
											<IBGStaticEx name="errorTip" autoCalcHeight="true" autoCalcWidth="true" textClr="0x2526cf" unseen="true" margin="0, 0, 0, 0" dock="DOCK_TOP"></IBGStaticEx>
										</Children>
									</IBGRegionPanel>
									<IBGRegionPanel dock="DOCK_TOP" size="280,33" margin="0,0,0,0">
										<Children>
											<IBGRegionPanel size="190,32" margin="0,1,14,0" dock="DOCK_LEFT" config="PswPanel">
												<Children>
													<IBGGIFControl dock="DOCK_LEFT" margin="6,7,2,7" image="Resource:\\MainFrame\\LoginDlg\\passwd.png" size="18, 18"></IBGGIFControl>
													<IPasswordEdit name="passwdEdit" tabOrder="11" enableFocus="TRUE" size="160,32" dock="DOCK_LEFT" margin="0,0,1,0"/>
												</Children>
											</IBGRegionPanel>
											<IBGStaticEx name="forgetPwdLinkTip" autoCalcHeight="true" autoCalcWidth="true" text="$2148" margin="0, 8, 0, 8" handCursor="true" dock="DOCK_LEFT">
												<Children>
													<IBGLinkItem config="linkItem" positionMode="true" position="0,-1"/>
												</Children>
											</IBGStaticEx>
										</Children>
									</IBGRegionPanel>
									<IBGRegionPanel name="vcodePanel" dock="DOCK_TOP" size="280,33" margin="0,10,0,0" unseen="true">
										<Children>
											<IBGRegionPanel size="190,32" margin="-1,1,15,0" dock="DOCK_LEFT">
												<Children>
													<IBGEdit size="88, 32" margin="1, 0, 5, 0" defaultText="$2149" name="vcodeEdit" tabOrder="12" dock="DOCK_LEFT" config="safeboxEdit"/>
													<IBGGIFControl name="vcodeGif" dock="DOCK_LEFT" margin="0,0,0,0" size="96, 32" image="Resource:\\MainFrame\\LoginDlg\\svcode.png"></IBGGIFControl>
												</Children>
											</IBGRegionPanel>
											<IBGStaticEx name="changeVCodeLinkTip" autoCalcHeight="true" autoCalcWidth="true" text="$2150" margin="0, 8, 0, 8" handCursor="true" dock="DOCK_LEFT">
												<Children>
													<IBGLinkItem config="linkItem" positionMode="true" position="0,-1"/>
												</Children>
											</IBGStaticEx>
										</Children>
									</IBGRegionPanel>
									<IBGRegionPanel dock="DOCK_TOP" size="280,57" margin="0,0,0,0">
										<Children>
											<IBGButton name="unlockBtn" text="$2146" size="190,47" margin="0, 10, 90, 0" config="safeboxBtn" dock="DOCK_LEFT" tabOrder="13"/>
										</Children>
									</IBGRegionPanel>
								</Children>
							</IBGRegionPanel>
						</Children>
					</IBGRegionPanel>
					<!--用户引导提示-->
					<IBGRegionPanel size="540, 45" margin="30,-20,0,0" dock="DOCK_TOP">
						<Children>
							<IBGStaticEx size="200,18" autoCalcWidth="true" text="$2152" margin="2, 0, 2, 4" dock="DOCK_TOP" textClr="0x333333">
								<Properties>
									<textFont>
										<IBGFont height="18"/>
									</textFont>
								</Properties>
							</IBGStaticEx>
							<IBGStaticEx size="360,18" autoCalcWidth="true" textClr="0x666666" text="$2153" margin="2, 0, 2, 4" dock="DOCK_TOP">
								<Properties>
									<textFont>
										<IBGFont height="18"/>
									</textFont>
								</Properties>
							</IBGStaticEx>
						</Children>
					</IBGRegionPanel>
				</Children>
			</IBGRegionPanel>
		</Children>
	</IBGRegionPanel>
</UI>
