<UI version="1.0">
	<!-- 工具栏 -->
	<IBGRegionPanel size="0,480" name="containerPanel" margin="0,0,0,0" dock="DOCK_FILL">
		<Children>
			<!--导航栏,缩略图和列表模式切换按钮-->
			<IBGRegionPanel dock="DOCK_TOP" size="1000,40" autoCalcHeight="true" config="FolderNavigatorPanel" ncHitTest="1">
				<Children>
					<IBGButton name="backBtn" config="backBrowse" enable="false" margin="22, 12, 0, 12" toolText="" autoCalcHeight="true" autoCalcWidth="true" dock="DOCK_LEFT"/>
					<IBGButton name="forwardBtn" config="forwardBrowse" enable="false" margin="15, 12, 5, 12" toolText="" autoCalcHeight="true" autoCalcWidth="true" dock="DOCK_LEFT"/>
					<IBGButton name="downBtn" config="dropDownMenuBtn" enable="false" margin="2, 14, 5, 10" toolText="" autoCalcHeight="true" autoCalcWidth="true" dock="DOCK_LEFT"/>
					<IBGRegionPanel size="30,30" dock="DOCK_LEFT">
						<Children>
							<IBGButton name="refreshBtn" unseen="false" config="FolderNavigator_Refresh" toolText="$2127" margin="4,5,4,5" dock="DOCK_FILL" autoCalcHeight="true" autoCalcWidth="true"/>
							<IBGGIFControl name="refreshStatusImage" dock="DOCK_FILL" margin="6,6,6,6" unseen="true" image="Resource:MainFrame\\MainPanel\\Toolbar\\refreshStatus.gif" size="18, 18"></IBGGIFControl>
						</Children>
					</IBGRegionPanel>
					<IBGButton name="listModeBtn" unseen="true" margin="12, 12, 12, 12" size="16,16" toolText="$2129" autoCalcHeight="false" autoCalcWidth="false" config="FolderNavigator_ListMode" dock="DOCK_RIGHT"/>
					<IBGButton name="thumbModeBtn" unseen="true" margin="12, 12, 12, 12" size="16,16" toolText="$2128" autoCalcHeight="false" autoCalcWidth="false" config="FolderNavigator_ThumbMode" dock="DOCK_RIGHT"/>
					<IBGButton name="showHideCategoryPanelBtn" margin="12, 12, 0, 12" toolText="$2104" autoCalcHeight="true" autoCalcWidth="true" config="showLeftSideBar" dock="DOCK_RIGHT"/>
					<IBGRegionPanel name="searchBoxPanel" dock="DOCK_RIGHT" size="200,30" margin="2,5,2,5" config="SearchBoxPanel_KillFocus">
						<Children>
							<IBGStaticEx name="searchDefaultText" size="166, 28" textClr="0x666666" unseen="false" text="$2192" margin="8, 6, 3, 1" dock="DOCK_LEFT"></IBGStaticEx>
							<IBGEdit size="166, 28" margin="5, 6, 3, 1" unseen="true" name="keywordEdit" dock="DOCK_LEFT" defaultText="$2192"/>
							<IBGButton name="searchBtn" size="16,16" margin="0, 7, 10, 7" config="searchButton_search" dock="DOCK_RIGHT"/>
						</Children>
					</IBGRegionPanel>
					<!-- 文件夹导航-->
					<IBGRegionPanel name="FolderNavPanel" size="600,40" margin="0,0,0,0" dock="DOCK_FILL">
						<Children>
							<IBGRegionPanel name="FolderNavBar" config="FolderNavigatorBar" size="200,30" margin="2,5,5,5" dock="DOCK_FILL" ncHitTest="1" supportOleDrag="true" supportOleDrop="true">
							</IBGRegionPanel>
						</Children>
					</IBGRegionPanel>
				</Children>
			</IBGRegionPanel>
			<!--左面文件类型选择面板-->
			<IBGRegionPanel name="leftPanelParent" dock="DOCK_LEFT" unseen="true" size="120, 0"/>
			<!-- 中间文件视图面板 -->
			<IBGRegionPanel name="middlePanelParent" dock="DOCK_FILL"/>
		</Children>
	</IBGRegionPanel>
</UI>
