<UI version="1.0">
	<IBGCommonWin name="mainPanel" rect="0,0,900,650" sysBtnConfig="mainPanel_CapButton" showMinButton="true" showMaxButton="true" config="mainWindow">
		<Children>
			<IBGRegionPanel name="mainContainer" sizeAsParent="true">
				<Children>
					<!---底部状态栏-->
					<IBGRegionPanel name="bottomContainer" dock="DOCK_BOTTOM" size="0, 34" config="MainPanelBottomBar">
						<Children>
							<!---页面导航(我的网盘)-->
							<IBGRegionPanel name="panBottomContainer" dock="DOCK_FILL" size="0, 34">
								<Children>
								</Children>
							</IBGRegionPanel>
							<!---页面导航(隐藏空间)-->
							<IBGRegionPanel name="safeboxBottomContainer" dock="DOCK_FILL" size="0, 34">
								<Children>
								</Children>
							</IBGRegionPanel>
						</Children>
					</IBGRegionPanel>
					<!--- 标题栏-->
					<IBGRegionPanel name="titleBarContainer" dock="DOCK_TOP" size="0, 98"/>
					<IBGRegionPanel dock="DOCK_FILL">
						<Children>
							<!---传输面板展开时显示截屏内容-->
							<IBGRegionPanel name="screenPanel" dock="DOCK_LEFT" size="120,515" unseen="true">
								<Children>
								</Children>
							</IBGRegionPanel>
							<!--各种视图容器 -->
							<IBGRegionPanel name="viewsContainer" dock="DOCK_FILL">
								<Children>
									<!--工具栏容器 -->
									<IBGRegionPanel name="toolbarContainer" dock="DOCK_TOP" size="0,40"/>
									<!-- 我的网盘 -->
									<IBGRegionPanel name="PanViewPanel" dock="DOCK_FILL">
										<Children>
										</Children>
									</IBGRegionPanel>
									<!-- 热门资源(未激活状态) -->
									<IBGRegionPanel name="SafeboxUnactivateViewPanel" dock="DOCK_FILL" unseen="true"/>
									<!-- 隐藏空间(激活状态) -->
									<IBGRegionPanel name="MySafeboxViewPanel" dock="DOCK_FILL" unseen="true"/>
								</Children>
							</IBGRegionPanel>
						</Children>
					</IBGRegionPanel>
					<!--浮层传输面板-->
				</Children>
			</IBGRegionPanel>
		</Children>
	</IBGCommonWin>
</UI>
