<UI version="1.0">
	<!-- 工具栏 -->
	<IBGRegionPanel size="0,34" name="bottomPagePanel" margin="0,0,0,0" dock="DOCK_FILL">
		<Children>
			<IBGRegionPanel size="10,34" margin="6,0,0,0" dock="DOCK_LEFT" enableFocus="true" ncHitTest="1">
				<Children>
				</Children>
			</IBGRegionPanel>
			<IBGGIFControl name="statusImage" dock="DOCK_LEFT" margin="2,9,2,9" unseen="true" image="Resource:MainFrame\MainPanel\PageNavi\status_loading.gif" size="16, 16"></IBGGIFControl>
			<IBGRegionPanel name="PageNavPanel" size="600,34" margin="0,0,0,0" dock="DOCK_FILL" enableFocus="true" ncHitTest="1" unseen="false">
				<Children>
					<IBGButton name="LastPageBtn" dock="DOCK_LEFT" size="16,16" config="iconButtonLastPage" text="" margin="273, 7, 0, 11"/>
					<IBGButton name="NextPageBtn" dock="DOCK_LEFT" size="16,16" config="iconButtonNextPage" text="" margin="169, 7, 0, 11"/>
					<!--- 快捷功能入口 -->
					<IBGRegionPanel size="152,34" margin="0,0,20,0" dock="DOCK_RIGHT">
						<Children>
							<IBGGIFControl name="PortableDevIndicator" cursorType="arrow" dock="DOCK_RIGHT" size="26,26" unseen="true" image="Resource:MainFrame\\MainPanel\\PageNavi\\FuncPanel\\PortableDev.gif" margin="5, 4, 0, 4"/>
							<IBGGIFControl name="FunctionalGifCtrl3" cursorType="arrow" dock="DOCK_RIGHT" size="26,26" unseen="true" image="Resource:MainFrame\\MainPanel\\PageNavi\\FuncPanel\\Net.gif" margin="5, 4, 0, 4"/>
							<IBGGIFControl name="FunctionalGifCtrl2" cursorType="arrow" dock="DOCK_RIGHT" size="26,26" unseen="true" image="Resource:MainFrame\\MainPanel\\PageNavi\\FuncPanel\\Lock.gif" margin="5, 4, 0, 4"/>
							<IBGGIFControl name="FunctionalGifCtrl1" cursorType="arrow" dock="DOCK_RIGHT" size="26,26" unseen="true" image="Resource:MainFrame\\MainPanel\\PageNavi\\FuncPanel\\Backup.gif" margin="5, 4, 0, 4"/>
							<IBGButton name="ManageBtn" cursorType="arrow" dock="DOCK_RIGHT" size="28,28" unseen="true" toolText="$2178" margin="0, 5, 0, 1" config="iconManageBtn"/>
						</Children>
					</IBGRegionPanel>
				</Children>
			</IBGRegionPanel>
		</Children>
	</IBGRegionPanel>
</UI>
