<UI version="1.0">
	<IBGWanderingWindow name="subFolderWindow" border="0,0,0,0" ncHitTest="1" size="150, 185" unvariedSize="true" config="SubFolderListWin">
		<Children>
			<IBGRegionPanel name="subFolderListView" sizeAsParent="true" ncHitTest="1" dock="DOCK_FILL" margin="0, 0, 0, 0">
				<Children>
					<IBGRegionPanel name="list_pannel" unseen="false" sizeAsParent="true" dock="DOCK_FILL" margin="1,1,1,1">
						<Children>
							<IBGScrollBar size="0, 18" name="listctrlex_hscrollbar" dock="DOCK_BOTTOM" config="horizontalScrollBarApp" unseen="true"/>
							<IBGRegionPanel name="ListCtrlExPanel" dock="DOCK_FILL">
								<Children>
									<IBGScrollBar size="18, 0" name="listctrlex_scrollbar" dock="DOCK_RIGHT" config="verticalScrollBarApp" unseen="true"/>
									<IBGRegionPanel size="0, 0" name="listctrlex_panel" dock="DOCK_FILL" unseen="true"/>
								</Children>
							</IBGRegionPanel>
						</Children>
					</IBGRegionPanel>
				</Children>
			</IBGRegionPanel>
		</Children>
	</IBGWanderingWindow>
</UI>
