<UI version="1.0">
	<!-- 标题栏 -->
	<IBGRegionPanel size="800,98" name="titleBar" margin="0,0,0,0" dock="DOCK_TOP" sizeAsParent="false">
		<Children>
			<IBGRegionPanel size="289,98" margin="0,0,0,0" dock="DOCK_LEFT">
				<Children>
					<IBDGuiCell size="88,15" margin="14,8,187,0" dock="DOCK_TOP">
						<Properties>
							<bkground>
								<IBGVeins file="Resource:MainFrame\MainPanel\title_banner.png" transparent="true" colorize="false"/>
							</bkground>
						</Properties>
					</IBDGuiCell>
					<IBGRegionPanel size="289,75" margin="0,0,0,0" dock="DOCK_TOP">
						<Children>
							<IBGRegionPanel size="62,62" margin="13,9,9,4" dock="DOCK_LEFT">
								<Children>
									<IBGGIFControl name="userImg" size="54,54" margin="4,4,4,4" dock="DOCK_TOP" image="Resource:MainFrame\\MainPanel\\TitleBar\\Head.png"></IBGGIFControl>
									<IBGButton name="headBtn" size="62,62" margin="0,0,0,0" dock="DOCK_NULL" toolText="$2154" config="UserHeadButton" cursorType="hand"></IBGButton>
								</Children>
							</IBGRegionPanel>
							<IBGRegionPanel size="205,75" margin="0,0,0,0" dock="DOCK_LEFT">
								<Children>
									<IBGRegionPanel name="UserNamePanel" size="205,26" margin="0,5,0,5" dock="DOCK_TOP">
										<Children>
											<IBGGIFControl name="memberIcon" dock="DOCK_RIGHT" margin="8,3,0,3" toolText="$2849" cursorType="hand" image="Resource:\\MainFrame\\MainPanel\\TitleBar\\big_vip_close.png" size="48, 20"></IBGGIFControl>
											<!-- 用户名 -->
											<IBGStaticEx textClr="0xffffff" name="title_name" anchorPoints="64" ncHitTest="1" size="120,24" handCursor="true" endEllipsis="true" unMultiline="false" margin="0, 1, 0, 1" dock="DOCK_FILL" config="UserNameFont">
												<Children>
													<IBGLinkItem config="userNameLinkItem" positionMode="true" position="0,-1"/>
												</Children>
											</IBGStaticEx>
										</Children>
									</IBGRegionPanel>
									<!-- 进度条区域 -->
									<IBGRegionPanel name="ProgressPanel" enableMsg="true" ncHitTest="1" toolText="$2852" cursorType="hand" size="138,15" margin="0,0,67,0" dock="DOCK_TOP">
										<Children>
										</Children>
									</IBGRegionPanel>
									<!-- 容量提示区域 -->
									<IBGRegionPanel name="QuotaTipPanel" size="205,18" margin="0,4,0,0" dock="DOCK_TOP" unseen="true">
										<Children>
											<IBGStaticEx name="quotaTip1" autoCalcHeight="true" autoCalcWidth="true" textClr="0xffffff" text="$2155" margin="0, 0, 0, 0" dock="DOCK_LEFT"/>
											<IBGStaticEx name="quotaTip" autoCalcHeight="true" autoCalcWidth="true" text="$2156" margin="0, 0, 0, 0" dock="DOCK_LEFT" handCursor="true">
												<Children>
													<IBGLinkItem config="linkItem" positionMode="true" position="0,-1"/>
												</Children>
											</IBGStaticEx>
										</Children>
									</IBGRegionPanel>
								</Children>
							</IBGRegionPanel>
						</Children>
					</IBGRegionPanel>
				</Children>
			</IBGRegionPanel>
			<IBGRegionPanel size="402,96" margin="0,0,0,0" dock="DOCK_LEFT">
				<Children>
					<!-- 我的网盘和隐藏空间 -->
					<IBGButton name="myDiskBtn" size="90,95" margin="10, 0, 0,0" text="$2160" config="PanImageBtn" dock="DOCK_LEFT"/>
					<IBGButton name="shareBtn" size="90,95" margin="1, 0, 0,0" text="$2162" config="UnselShareImageBtn" dock="DOCK_LEFT"/>
					<IBGButton name="mySafeboxBtn" size="90,95" margin="1, 0, 0,0" text="$2161" config="UnselMySafeboxImageBtn" dock="DOCK_LEFT"/>
					<IBGButton name="funcBoxBtn" size="90,95" margin="1, 0, 0,0" text="$2163" config="UnselFunctionalBoxImageBtn" dock="DOCK_LEFT"/>
				</Children>
			</IBGRegionPanel>
			<!--会员到期提示面板-->
			<IBGRegionPanel name="vipExpirePanel" size="310,50" position="85,40" dock="DOCK_NULL" unseen="true">
				<Children>
					<IBGGIFControl name="vipArrowImg" size="14,5" margin="138,0,158,0" dock="DOCK_TOP" image="Resource:MainFrame\\MainPanel\\TitleBar\\VipTipArrow.png"></IBGGIFControl>
					<IBGRegionPanel size="310,43" margin="0,0,0,0" dock="DOCK_TOP" config="VipExpireTipPanel">
						<Children>
							<IBGStaticEx name="renewVip" size="273,41" textClr="0x03567a" margin="10, 1, 0, 1" endEllipsis="true" unMultiline="false" dock="DOCK_LEFT">
							</IBGStaticEx>
							<IBGButton name="closeBtn" size="7,7" margin="0,5,10,28" dock="DOCK_RIGHT" toolText="$2048">
								<Properties>
									<normalDraw>
										<IBGVeins file="Resource:MainFrame\\MainPanel\\TitleBar\\closebtn_normal.png" drawStyle="DRAWMODE_NORMAL" transparent="true" colorize="false"/>
									</normalDraw>
									<onDraw>
										<IBGVeins file="Resource:MainFrame\\MainPanel\\TitleBar\\closebtn_hover.png" drawStyle="DRAWMODE_NORMAL" transparent="true" colorize="false"/>
									</onDraw>
									<downDraw>
										<IBGVeins file="Resource:MainFrame\\MainPanel\\TitleBar\\closebtn_down.png" drawStyle="DRAWMODE_NORMAL" transparent="true" colorize="false"/>
									</downDraw>
								</Properties>
							</IBGButton>
						</Children>
					</IBGRegionPanel>
				</Children>
			</IBGRegionPanel>
			<IBGRegionPanel size="250,98" margin="0,0,0,0" dock="DOCK_FILL">
				<Children>
					<IBGRegionPanel size="220,98" margin="0,0,0,0" dock="DOCK_RIGHT">
						<Children>
							<IBGRegionPanel size="180,33" margin="40,0,0,0" dock="DOCK_TOP">
								<Children>
									<!-- 设置按钮 -->
									<IBGButton name="menuBtn" size="32,19" margin="0, 0, 93,14" toolText="$2073" dock="DOCK_RIGHT">
										<Properties>
											<normalDraw>
												<IBGVeins file="Resource:MainFrame\MainPanel\TitleBar\menubtn_set.png" veinsRect="0,0,31,19" transparent="true" colorize="false"/>
											</normalDraw>
											<onDraw>
												<IBGVeins file="Resource:MainFrame\MainPanel\TitleBar\menubtn_set.png" veinsRect="0,40,31,59" transparent="true" colorize="false"/>
											</onDraw>
											<downDraw>
												<IBGVeins file="Resource:MainFrame\MainPanel\TitleBar\menubtn_set.png" veinsRect="0,20,31,39" transparent="true" colorize="false"/>
											</downDraw>
										</Properties>
									</IBGButton>
									<!-- 消息提示 -->
									<IBGButton name="MsgBtn" size="32,19" margin="0, 0, 0,14" toolText="$2075" dock="DOCK_RIGHT" config="MainFrameTipBtn"/>
								</Children>
							</IBGRegionPanel>
							<!--传输面板按钮-->
							<IBGButton name="ShowTransPanelBtn" dock="DOCK_RIGHT" enable="true" size="0,28" autoCalcWidth="true" config="iconButtonHideTransPanel" text="$2090" margin="0, 37, 0, 0"/>
						</Children>
					</IBGRegionPanel>
				</Children>
			</IBGRegionPanel>
		</Children>
	</IBGRegionPanel>
</UI>
