<UI version="1.0">
	<!-- 工具栏 -->
	<IBGRegionPanel size="900,40" name="toolBar" margin="0,0,0,0" dock="DOCK_TOP" sizeAsParent="false" ncHitTest="1" config="CommonToolbarPanel">
		<Children>
			<IBGRegionPanel size="800,40" name="PanOpBtnPanel" margin="0,0,0,0" dock="DOCK_LEFT">
				<Children>
					<IBGButton name="UploadBtn" dock="DOCK_LEFT" size="75,32" config="iconButtonUpload" text="$2077" margin="10, 4, 0, 4"/>
					<IBGButton name="DownloadBtn" dock="DOCK_LEFT" enable="false" size="75,32" config="iconButtonDownloadDisable" text="$2079" margin="10, 4, 0, 4"/>
					<IBGButton name="CreateShareBtn" dock="DOCK_LEFT" enable="false" size="75,32" config="iconButtonCreateShareDisable" text="$2078" margin="10, 4, 0, 4"/>
					<IBGButton name="DeleteBtn" enable="false" dock="DOCK_LEFT" size="75,32" config="iconButtonDelete" text="$2082" margin="10, 4, 0, 4"/>
					<IBGButton name="NewFolderBtn" dock="DOCK_LEFT" size="110,32" config="iconButtonNewFolder" text="$2080" margin="10, 4, 0, 4"/>
					<IBGArrowButton name="OfflineDownloadBtn" dock="DOCK_LEFT" size="108,31" config="toolbarOfflineDownloadArrowButton" text="$2084" margin="10, 4, 0, 5"/>
					<IBGArrowButton name="MoreOpBtn" dock="DOCK_LEFT" size="87,31" config="toolbarMoreOpArrowButton" text="$2088" margin="10, 4, 0, 5"/>
				</Children>
			</IBGRegionPanel>
			<IBGRegionPanel size="800,40" name="SafeboxOpBtnPanel" margin="0,0,0,0" dock="DOCK_LEFT" unseen="true">
				<Children>
					<IBGArrowButton name="SafeboxAddFileArrowBtn" dock="DOCK_LEFT" size="79,31" config="toolbarAddFileArrowButton" text="$2092" margin="10, 4, 0, 5"/>
					<IBGButton name="SafeboxDownloadBtn" dock="DOCK_LEFT" enable="false" size="75,32" config="iconButtonDownloadDisable" text="$2079" margin="10, 4, 0, 4"/>
					<IBGButton name="SafeboxNewFolderBtn" dock="DOCK_LEFT" size="110,32" config="iconButtonNewFolder" text="$2080" margin="10, 4, 0, 4"/>
					<IBGButton name="SafeboxMoveOutBtn" dock="DOCK_LEFT" enable="false" size="120,32" config="iconButtonMoveOutDisable" text="$2097" margin="10, 4, 0, 4"/>
					<IBGButton name="SafeboxLockBtn" dock="DOCK_LEFT" size="100,32" config="iconButtonLock" text="$2098" margin="10, 4, 0, 4"/>
				</Children>
			</IBGRegionPanel>
		</Children>
	</IBGRegionPanel>
</UI>
