<UI version="1.0">
	<IBGRegionPanel name="transPanel" dock="DOCK_NULL" size="900,550" unseen="true">
		<Children>
			<!-- 左边蒙层 -->
			<IBGRegionPanel name="maskPanel" enableMsg="true" ncHitTest="1" dock="DOCK_LEFT" size="120,0" config="PanMaskTransPanel" unseen="true">
				<Children>
					<IBGButton name="HideTransPanelBtn" dock="DOCK_RIGHT" size="0,29" autoCalcWidth="true" config="iconButtonCollapseTransPanel" text="$2345" margin="0, 0, 0, 0"/>
				</Children>
			</IBGRegionPanel>
			<!-- 右边传输面板 -->
			<IBGRegionPanel dock="DOCK_FILL" size="780, 550">
				<Properties>
					<bkground>
						<IBGVeins drawStyle="DRAWMODE_33Mesh_TILE" file="Resource:MainFrame\MainPanel\TransPanel\TransPanelBkg.png" stretchArea="4, 4, 16, 16" transparent="true"/>
					</bkground>
				</Properties>
				<Children>
					<IBDGuiCell size="1,0" dock="DOCK_LEFT">
						<Properties>
							<bkground>
								<IBGVeins file="Resource:MainFrame\MainPanel\category_sep.png" transparent="true" colorize="false"/>
							</bkground>
						</Properties>
					</IBDGuiCell>
					<!-- 顶部区域 -->
					<IBGRegionPanel size="780,39" margin="0,0,0,0" dock="DOCK_TOP">
						<Children>
							<IBGButton name="UpingBtn" dock="DOCK_LEFT" size="195,39" config="UploadBtnSelect" text="$2370" margin="0, 0, 0, 0"/>
							<IBGButton name="DowningBtn" dock="DOCK_LEFT" size="195,39" config="TabBtnUnselect" text="$2373" margin="0, 0, 0, 0"/>
							<IBGButton name="HisBtn" dock="DOCK_LEFT" size="195,39" config="TabBtnUnselect" text="$2344" margin="0, 0, 0, 0"/>
							<IBGButton name="CloudTransBtn" dock="DOCK_LEFT" size="195,39" config="CloudTransBtnUnselect" text="$2346" margin="0, 0, 0, 0"/>
						</Children>
					</IBGRegionPanel>
					<!-- 进度条区域（用于正在上传和正在下载列表） -->
					<IBGRegionPanel name="progressPanel" size="0,35" dock="DOCK_TOP">
						<Children>
							<IBGRegionPanel size="0,34" margin="0, 0, 0, 0" dock="DOCK_TOP">
								<Children>
									<IBGRegionPanel size="100,34" margin="0, 0, 0, 0" dock="DOCK_LEFT">
										<Children>
											<IBGGIFControl name="upGifCtrl" dock="DOCK_LEFT" margin="14, 11, 0, 7" image="Resource:MainFrame\\MainPanel\\TransPanel\\up.png" size="11, 16" unseen="false"></IBGGIFControl>
											<IBGGIFControl name="downGifCtrl" dock="DOCK_LEFT" margin="14, 11, 0, 7" image="Resource:MainFrame\\MainPanel\\TransPanel\\down.png" size="11, 16" unseen="true"></IBGGIFControl>
											<IBGStaticEx name="totalProgTip" autoCalcHeight="true" autoCalcWidth="true" textClr="0x89683c" text="$2350" margin="6, 10, 0, 8" dock="DOCK_LEFT"/>
										</Children>
									</IBGRegionPanel>
									<IBGButton name="delBtn" dock="DOCK_RIGHT" size="80,23" config="button" text="$2357" margin="0, 8, 20, 3"/>
									<IBGButton name="opBtn" dock="DOCK_RIGHT" size="80,23" config="button" text="$2356" margin="12, 8, 8, 3" enable="false"/>
									<IBGRegionPanel size="80,34" margin="0, 0, 0, 0" dock="DOCK_RIGHT">
										<Children>
											<IBGStaticEx name="transSpeed" autoCalcHeight="true" autoCalcWidth="true" textClr="0xf9ab35" margin="0, 10, 0, 8" dock="DOCK_RIGHT"/>
										</Children>
									</IBGRegionPanel>
									<IBGRegionPanel size="0,19" name="progPanel" margin="4, 10, 0, 5" dock="DOCK_FILL"/>
								</Children>
							</IBGRegionPanel>
							<IBGRegionPanel size="0,1" margin="0, 0, 0, 0" dock="DOCK_BOTTOM">
								<Properties>
									<bkground>
										<IBGBrush drawStyle="BRUSH_TYPE_VERTICAL" clrBegin="0xebebeb" clrEnd="0xebebeb"/>
									</bkground>
								</Properties>
							</IBGRegionPanel>
						</Children>
					</IBGRegionPanel>
					<!-- 传输完成一键清除列表区域（用于传输完成列表） -->
					<IBGRegionPanel name="HisCountTipPanel" size="0,35" dock="DOCK_TOP" unseen="true">
						<Children>
							<IBGRegionPanel size="0,34" margin="0, 0, 0, 0" dock="DOCK_TOP">
								<Children>
									<IBGGIFControl dock="DOCK_LEFT" margin="14,9,0,9" image="Resource:MainFrame\\MainPanel\\TransPanel\\tips_his.png" size="22, 16"></IBGGIFControl>
									<IBGStaticEx autoCalcHeight="true" autoCalcWidth="true" text="$2366" textClr="0x89683c" margin="10, 6, 0, 6" dock="DOCK_LEFT">
										<Properties>
											<textFont>
												<IBGFont height="22"/>
											</textFont>
										</Properties>
									</IBGStaticEx>
									<IBGStaticEx name="tipHisCount" autoCalcHeight="true" autoCalcWidth="true" textClr="0xc89443" margin="0, 6, 0, 6" dock="DOCK_LEFT">
										<Properties>
											<textFont>
												<IBGFont height="22"/>
											</textFont>
										</Properties>
									</IBGStaticEx>
									<IBGStaticEx autoCalcHeight="true" autoCalcWidth="true" text="$2367" textClr="0x89683c" margin="0, 6, 0, 6" dock="DOCK_LEFT">
										<Properties>
											<textFont>
												<IBGFont height="22"/>
											</textFont>
										</Properties>
									</IBGStaticEx>
									<IBGButton name="clearHisBtn" size="92,23" margin="0,7,20,4" text="$2365" config="button" dock="DOCK_RIGHT"/>
								</Children>
							</IBGRegionPanel>
							<IBGRegionPanel size="0,1" margin="0, 0, 0, 0" dock="DOCK_BOTTOM">
								<Properties>
									<bkground>
										<IBGBrush drawStyle="BRUSH_TYPE_VERTICAL" clrBegin="0xebebeb" clrEnd="0xebebeb"/>
									</bkground>
								</Properties>
							</IBGRegionPanel>
						</Children>
					</IBGRegionPanel>
					<!-- 云端任务操作区域（用于云传输列表） -->
					<IBGRegionPanel name="CloudTransOpPanel" size="0,35" dock="DOCK_TOP" unseen="true">
						<Children>
							<IBGRegionPanel size="0,34" margin="0, 0, 0, 0" dock="DOCK_TOP">
								<Children>
									<IBGStaticEx autoCalcHeight="true" autoCalcWidth="true" text="$2423" textClr="0x89683c" margin="20, 9, 0, 7" dock="DOCK_LEFT">
										<Properties>
											<textFont>
												<IBGFont height="18"/>
											</textFont>
										</Properties>
									</IBGStaticEx>
									<IBGButton name="clearCloudTaskBtn" size="92,23" margin="0,7,20,4" text="$2408" config="button" dock="DOCK_RIGHT"/>
									<IBGButton name="startOrPauseCloudTaskBtn" size="92,23" margin="0,7,10,4" text="$2406" config="button" dock="DOCK_RIGHT"/>
								</Children>
							</IBGRegionPanel>
							<IBGRegionPanel size="0,1" margin="0, 0, 0, 0" dock="DOCK_BOTTOM">
								<Properties>
									<bkground>
										<IBGBrush drawStyle="BRUSH_TYPE_VERTICAL" clrBegin="0xebebeb" clrEnd="0xebebeb"/>
									</bkground>
								</Properties>
							</IBGRegionPanel>
						</Children>
					</IBGRegionPanel>
					<!-- 提示条区域（用于正在上传列表） -->
					<IBGRegionPanel name="tipPanel" size="0,24" dock="DOCK_TOP" config="TransTipPanel" unseen="true">
						<Children>
							<IBGGIFControl dock="DOCK_LEFT" margin="14,4,8,5" image="Resource:MainFrame\\MainPanel\\TransPanel\\tips_smile.png" size="15, 15"></IBGGIFControl>
							<IBGStaticEx name="tipStatic" autoCalcHeight="true" autoCalcWidth="true" textClr="0xc89443" text="$2395" margin="0, 4, 0, 4" dock="DOCK_LEFT"/>
							<IBGButton name="tipCloseBtn" size="10,10" margin="0,7,20,7" dock="DOCK_RIGHT">
								<Properties>
									<normalDraw>
										<IBGVeins file="Resource:MainFrame\\MainPanel\\TransPanel\\tips_close_normal.png" drawStyle="DRAWMODE_NORMAL" transparent="true" colorize="false"/>
									</normalDraw>
									<onDraw>
										<IBGVeins file="Resource:MainFrame\\MainPanel\\TransPanel\\tips_close_highlight.png" drawStyle="DRAWMODE_NORMAL" transparent="true" colorize="false"/>
									</onDraw>
									<downDraw>
										<IBGVeins file="Resource:MainFrame\\MainPanel\\TransPanel\\tips_close_down.png" drawStyle="DRAWMODE_NORMAL" transparent="true" colorize="false"/>
									</downDraw>
								</Properties>
							</IBGButton>
						</Children>
					</IBGRegionPanel>
					<!-- 提速提示区域 （用于正在上传，正在下载列表，历史记录列表，包括北京联通，安徽电信, VIP加速等）-->
					<IBGRegionPanel name="SpeedupTipPannel" unseen="true" ncHitTest="1" size="0,36" dock="DOCK_TOP" config="SpeedupTipPannel">
						<Children>
							<IBGRegionPanel name="SpeedupTryoutTipPanel" unseen="false" size="0,36" dock="DOCK_FILL">
								<Children>
									<!--引导文案最长490*36，高亮颜色0x403ffb(20h)-->
									<IBGGIFControl dock="DOCK_LEFT" margin="14, 10, 8, 11" image="Resource:MainFrame\\MainPanel\\SpeedupTip\\tip_smile.png" size="15, 15"></IBGGIFControl>
									<IBGStaticEx name="guideSpeedupTip" autoCalcHeight="true" autoCalcWidth="true" text="$2861" dock="DOCK_LEFT" textClr="0x333333" margin="0, 10, 0, 8">
										<Properties>
											<textFont>
												<IBGFont height="18"/>
											</textFont>
										</Properties>
									</IBGStaticEx>
									<IBGButton name="tryBtn" dock="DOCK_LEFT" size="100,24" config="SpeedupTryBtn" text="$2853" margin="20, 6, 0, 6"/>
									<IBGButton name="closeBtn" dock="DOCK_RIGHT" size="10,10" config="SpeedupCloseBtn" toolText="$2857" margin="0, 13, 20, 13"/>
								</Children>
							</IBGRegionPanel>
							<IBGRegionPanel name="SpeedupBuyTipPanel" unseen="true" size="0,36" dock="DOCK_FILL">
								<Children>
									<IBGGIFControl dock="DOCK_LEFT" margin="14, 10, 8, 11" image="Resource:MainFrame\\MainPanel\\SpeedupTip\\tip_smile.png" size="15, 15"></IBGGIFControl>
									<IBGStaticEx name="bandwidthTip1" autoCalcHeight="true" autoCalcWidth="true" dock="DOCK_LEFT" textClr="0x333333" margin="0, 10, 0, 8">
										<Properties>
											<textFont>
												<IBGFont height="18"/>
											</textFont>
										</Properties>
									</IBGStaticEx>
									<IBGStaticEx name="remainTimeTip" autoCalcHeight="true" autoCalcWidth="true" dock="DOCK_LEFT" textClr="0x333333" margin="3, 10, 0, 8">
										<Properties>
											<textFont>
												<IBGFont height="18"/>
											</textFont>
										</Properties>
									</IBGStaticEx>
									<IBGButton name="buyBtn" dock="DOCK_LEFT" size="100,24" config="SpeedupTryBtn" text="$2854" margin="20, 6, 0, 6"/>
									<IBGButton name="closeBtn1" dock="DOCK_RIGHT" size="10,10" config="SpeedupCloseBtn" toolText="$2857" margin="0, 13, 20, 13"/>
								</Children>
							</IBGRegionPanel>
							<IBGRegionPanel name="SpeedupDeadlineTipPanel" unseen="true" size="0,36" dock="DOCK_FILL">
								<Children>
									<IBGGIFControl dock="DOCK_LEFT" margin="14, 10, 8, 11" image="Resource:MainFrame\\MainPanel\\SpeedupTip\\tip_smile.png" size="15, 15"></IBGGIFControl>
									<IBGStaticEx name="speedupEndTip" autoCalcHeight="true" autoCalcWidth="true" text="$2863" dock="DOCK_LEFT" textClr="0x333333" margin="0, 10, 0, 8">
										<Properties>
											<textFont>
												<IBGFont height="18"/>
											</textFont>
										</Properties>
									</IBGStaticEx>
									<IBGButton name="renewBtn" dock="DOCK_LEFT" size="100,24" config="SpeedupTryBtn" text="$2856" margin="20, 6, 0, 6"/>
									<IBGButton name="closeBtn2" dock="DOCK_RIGHT" size="10,10" config="SpeedupCloseBtn" toolText="$2857" margin="0, 13, 20, 13"/>
								</Children>
							</IBGRegionPanel>
						</Children>
					</IBGRegionPanel>
					<!-- 列表区域（所有列表复用） -->
					<IBGRegionPanel name="transListPanel" size="323,400" margin="0,0,4,8" dock="DOCK_FILL">
						<Children>
							<IBGScrollBar size="0, 18" name="listctrlex_hscrollbar" dock="DOCK_BOTTOM" unseen="true" config="horizontalScrollBarApp"/>
							<IBGRegionPanel name="ListCtrlPanel" size="323,400" margin="0,0,0,0" dock="DOCK_FILL">
								<Children>
									<IBGScrollBar size="18, 0" name="listctrlex_scrollbar" dock="DOCK_RIGHT" config="verticalScrollBarApp" unseen="true"/>
									<IBGRegionPanel size="0, 0" name="listctrlex_panel" dock="DOCK_FILL" unseen="true"/>
								</Children>
							</IBGRegionPanel>
						</Children>
					</IBGRegionPanel>
					<!-- 空面板区域（所有列表复用） -->
					<IBGRegionPanel name="emptyPanel" size="776,500" margin="0,0,4,8" dock="DOCK_FILL" unseen="true">
						<Children>
							<IBGRegionPanel name="localEmptyPanel" size="236,170" margin="43,0,44,0" dock="DOCK_TOP">
								<Children>
									<IBGGIFControl image="Resource:MainFrame\\MainPanel\\TransPanel\\localtask_empty.png" dock="DOCK_TOP" margin="0,0,0,0" size="236,144"/>
									<IBGStaticEx name="emptyTip" autoCalcHeight="true" autoCalcWidth="true" text="$2404" dock="DOCK_TOP" textClr="0x89683c" margin="36, 0, 0, 0">
										<Properties>
											<textFont>
												<IBGFont height="22"/>
											</textFont>
										</Properties>
									</IBGStaticEx>
								</Children>
							</IBGRegionPanel>
							<IBGRegionPanel name="emptyCloudTipPanel" size="697,500" margin="0,0,0,0" dock="DOCK_FILL" unseen="true">
								<Children>
									<IBGGIFControl name="emptyTipImage" image="Resource:MainFrame\\MainPanel\\TransPanel\\CloudPanel\\empty.png" dock="DOCK_TOP" margin="0,0,0,0" size="697, 500"></IBGGIFControl>
								</Children>
							</IBGRegionPanel>
						</Children>
					</IBGRegionPanel>
					<!-- 加载中和加载失败面板区域（用于云端推送列表） -->
					<IBGRegionPanel name="loadingPanel" size="776,500" margin="0,0,4,8" dock="DOCK_FILL" unseen="true">
						<Children>
							<IBGStaticEx name="loadingAndErrorTip" autoCalcHeight="true" autoCalcWidth="true" text="$2404" dock="DOCK_TOP" textClr="0x89683c" margin="350, 300, 350, 300">
								<Properties>
									<textFont>
										<IBGFont height="22"/>
									</textFont>
								</Properties>
							</IBGStaticEx>
						</Children>
					</IBGRegionPanel>
				</Children>
			</IBGRegionPanel>
			<!-- 速度反馈提示区域 -->
			<IBGRegionPanel name="SpeedFeedbackTipPannel" unseen="true" size="190,37" dock="DOCK_NULL" config="SpeedupTipPannel">
				<Children>
					<IBGStaticEx autoCalcHeight="true" autoCalcWidth="true" text="$3072" dock="DOCK_LEFT" textClr="0x333333" margin="10, 10, 0, 0">
						<Properties>
							<textFont>
								<IBGFont height="18"/>
							</textFont>
						</Properties>
					</IBGStaticEx>
					<IBGStaticEx name="feedbackLink" autoCalcHeight="true" autoCalcWidth="true" text="$3073" margin="5, 10, 0, 2" handCursor="true" dock="DOCK_LEFT">
						<Children>
							<IBGLinkItem config="linkItem" positionMode="true" position="0,-1"/>
						</Children>
					</IBGStaticEx>
					<IBGButton name="closeFeedBackBtn" dock="DOCK_RIGHT" size="10,10" config="SpeedupCloseBtn" toolText="$2857" margin="0, 7, 12, 6"/>
				</Children>
			</IBGRegionPanel>
			<!-- 提速活动广告区域 -->
			<IBGRegionPanel name="SpeedupAdTipPanel" unseen="true" size="148,27" dock="DOCK_NULL">
				<Children>
					<IBGGIFControl name="adImage" cursorType="hand" dock="DOCK_LEFT" margin="0, 0, 0, 0" size="148, 27"></IBGGIFControl>
				</Children>
			</IBGRegionPanel>
			<!-- 操作中提示区域 -->
			<IBGRegionPanel name="OperatingTipPannel" config="ErrorTipPanel" unseen="true" size="150,47" dock="DOCK_NULL">
				<Children>
					<IBGStaticEx name="operatingTip" autoCalcHeight="true" autoCalcWidth="true" dock="DOCK_LEFT" textClr="0xffffff" margin="5, 15, 0, 14">
						<Properties>
							<textFont>
								<IBGFont height="18"/>
							</textFont>
						</Properties>
					</IBGStaticEx>
				</Children>
			</IBGRegionPanel>
		</Children>
	</IBGRegionPanel>
</UI>
