<UI version="1.0">
	<IBGRegionPanel name="viewContainer" size="500,1000" dock="DOCK_FILL">
		<Children>
			<IBGRegionPanel name="Main" size="600,30" margin="0,0,0,0" dock="DOCK_FILL" unseen="false">
				<Children>
					<!-- 列表模式-->
					<IBGRegionPanel name="ListPanel" size="600,369" margin="0,0,0,0" dock="DOCK_FILL" unseen="true">
						<Children>
							<IBGRegionPanel size="596,315" margin="0,0,0,0" dock="DOCK_FILL">
								<Children>
									<IBGScrollBar size="0, 18" name="listctrlex_hscrollbar" dock="DOCK_BOTTOM" unseen="true" config="horizontalScrollBarApp"/>
									<IBGRegionPanel name="SyncListCtrlPanel" size="448,267" margin="0,0,0,0" dock="DOCK_FILL">
										<Children>
											<IBGScrollBar size="18, 0" name="listctrlex_scrollbar" dock="DOCK_RIGHT" config="verticalScrollBarApp" unseen="true"/>
											<IBGRegionPanel size="0, 0" name="listctrlex_panel" dock="DOCK_FILL"/>
										</Children>
									</IBGRegionPanel>
								</Children>
							</IBGRegionPanel>
							<IBGRegionPanel name="ListGuideTipPanel" size="267,92" margin="0,0,0,0" dock="DOCK_NULL" ncHitTest="1" autoCalcHeight="true" autoCalcWidth="true" unseen="true">
								<Children>
									<IBGGIFControl name="guide_tip" dock="DOCK_NULL" margin="0, 0, 0, 0" image="Resource:MainFrame\\MainPanel\\ZipTip.png" size="267, 78"></IBGGIFControl>
									<IBGGIFControl name="guide_arrow" dock="DOCK_NULL" margin="0, 0, 0, 0" image="Resource:MainFrame\\MainPanel\\DownArrow.png" size="21, 14"></IBGGIFControl>
								</Children>
							</IBGRegionPanel>
						</Children>
					</IBGRegionPanel>
					<!-- 缩略图模式-->
					<IBGRegionPanel name="ThumbPanel" size="600,369" margin="0,0,0,0" dock="DOCK_FILL" ncHitTest="1" unseen="true">
						<Children>
							<IBGScrollBar size="18, 0" name="thumb_scrollbar" dock="DOCK_RIGHT" config="verticalScrollBarApp" unseen="true"/>
							<IBGRegionPanel name="ThumbGuideTipPanel" size="267,92" margin="0,0,0,0" dock="DOCK_NULL" ncHitTest="1" autoCalcHeight="true" autoCalcWidth="true" unseen="true">
								<Children>
									<IBGGIFControl name="guide_tip" dock="DOCK_NULL" margin="0, 0, 0, 0" image="Resource:MainFrame\\MainPanel\\ZipTip.png" size="267, 78"></IBGGIFControl>
									<IBGGIFControl name="guide_arrow" dock="DOCK_NULL" margin="0, 0, 0, 0" image="Resource:MainFrame\\MainPanel\\DownArrow.png" size="21, 14"></IBGGIFControl>
								</Children>
							</IBGRegionPanel>
						</Children>
					</IBGRegionPanel>
					<!-- 无数据视图-->
					<IBGRegionPanel name="EmptyPanel" size="900,437" margin="0,0,0,0" dock="DOCK_FILL" ncHitTest="1" unseen="true" enableMsg="true" enableFocus="true" supportOleDrop="true" supportOleDrag="true">
						<Children>
							<IBGStaticEx textClr="0x999999" name="title" text="$2109" autoCalcHeight="true" autoCalcWidth="true" margin="2, 2, 2, 2" dock="DOCK_NULL">
								<Properties>
									<textFont>
										<IBGFont height="26" weight="1000" facename="微软雅黑"/>
									</textFont>
								</Properties>
							</IBGStaticEx>
							<IBGStaticEx textClr="0x999999" name="desc" text="$2110" autoCalcHeight="true" autoCalcWidth="true" margin="4, -10, 2, 6" dock="DOCK_NULL">
								<Properties>
									<textFont>
										<IBGFont height="20" facename="微软雅黑" weight="700"/>
									</textFont>
								</Properties>
							</IBGStaticEx>
							<IBGButton name="UploadFileBtn" dock="DOCK_NULL" size="72,24" enable="true" config="defaultBtn" text="$2106" margin="0, 0, 0, 0"/>
						</Children>
					</IBGRegionPanel>
					<!-- 错误视图-->
					<IBGRegionPanel name="ErrorPanel" size="900,405" margin="0,0,0,0" dock="DOCK_FILL" ncHitTest="1" unseen="true">
						<Children>
							<IBGStaticEx textClr="0x999999" name="ErrorStatic" text="$2114" autoCalcHeight="true" autoCalcWidth="true" margin="2, 2, 2, 2" dock="DOCK_LEFT">
								<Properties>
									<textFont>
										<IBGFont height="20" facename="微软雅黑" weight="700"/>
									</textFont>
								</Properties>
							</IBGStaticEx>
							<IBGStaticEx textClr="0x999999" name="RefreshStatic" text="$2113" autoCalcHeight="true" autoCalcWidth="true" margin="2, 2, 2, 2" dock="DOCK_LEFT">
								<Properties>
									<textFont>
										<IBGFont height="20" facename="微软雅黑" weight="700"/>
									</textFont>
								</Properties>
								<Children>
									<IBGLinkItem config="linkItemBigFont" positionMode="true" position="0,-1"/>
								</Children>
							</IBGStaticEx>
						</Children>
					</IBGRegionPanel>
					<!-- 正在加载视图-->
					<IBGRegionPanel name="LoadingPanel" size="900,405" margin="0,0,0,0" dock="DOCK_FILL" ncHitTest="1" unseen="true">
						<Children>
							<IBGStaticEx textClr="0x999999" name="LoadingStatic" text="$2111" autoCalcHeight="true" autoCalcWidth="true" margin="2, 2, 2, 2" dock="DOCK_LEFT">
								<Properties>
									<textFont>
										<IBGFont height="20" facename="微软雅黑" weight="700"/>
									</textFont>
								</Properties>
							</IBGStaticEx>
						</Children>
					</IBGRegionPanel>
					<!-- 加速相关引导提示(只在我的网盘出现)-->
					<IBGRegionPanel name="SpeedupTipPanel" unseen="true" size="387,36" margin="0,0,0,0" config="SpeedupTipPannel" position="0,0" dock="DOCK_NULL" ncHitTest="1">
						<Children>
							<IBGGIFControl dock="DOCK_LEFT" margin="14, 10, 8, 11" image="Resource:MainFrame\\MainPanel\\SpeedupTip\\tip_smile.png" size="15, 15"></IBGGIFControl>
							<IBGStaticEx name="guideSpeedupTip" autoCalcHeight="true" autoCalcWidth="true" text="$2861" dock="DOCK_LEFT" textClr="0x333333" margin="0, 10, 0, 8">
								<Properties>
									<textFont>
										<IBGFont height="18"/>
									</textFont>
								</Properties>
							</IBGStaticEx>
							<IBGButton name="tryBtn" dock="DOCK_LEFT" size="100,24" config="SpeedupTryBtn" text="$2853" margin="20, 6, 0, 6"/>
							<IBGButton name="closeBtn" dock="DOCK_RIGHT" size="10,10" config="SpeedupCloseBtn" toolText="$2857" margin="0, 13, 20, 13"/>
						</Children>
					</IBGRegionPanel>
					<!-- 提示图标-->
					<IBGRegionPanel name="FloatTipPanel" unseen="true" size="158,30" margin="0,0,0,0" config="ErrorTipPanel" position="0,0" dock="DOCK_NULL" ncHitTest="1">
						<Children>
							<IBGGIFControl name="FloatTipStatusIcon" dock="DOCK_LEFT" margin="12,7,6,7" image="Resource:MainFrame\MainPanel\float_tip_loading.gif" size="16, 16"/>
							<IBGStaticEx textClr="0xFFFFFF" name="FloatTip" text="$2188" autoCalcHeight="true" autoCalcWidth="true" margin="2, 7, 6, 7" dock="DOCK_LEFT">
								<Properties>
									<textFont>
										<IBGFont height="20" facename="微软雅黑" weight="700"/>
									</textFont>
								</Properties>
							</IBGStaticEx>
						</Children>
					</IBGRegionPanel>
				</Children>
			</IBGRegionPanel>
		</Children>
	</IBGRegionPanel>
</UI>
